agent_name,combo_name,ticker,signal_date,entry_score,screener_score,screener_reason,pattern_signal,tier2_filter,rvol,adr_pct,dist_sma20,consol_days,volume,dollar_vol_M,rs_ret,rs_percentile,entry_price,reject_contract,screener_metrics
combo_pullback_entry,combo_pullback_entry,D,2026-03-13,0.994,99.4,ema21_pullback=PASS,pocket_pivot,passed,0.7,2.06,-0.35,19,4293777,385.9,0.0268,57.6,63.21,screener_fail:<reason> | tier2_fail:<metric:value op threshold>,"{""individual"": [{""passed"": true, ""ticker"": ""D"", ""screener_name"": ""ema21_pullback"", ""score"": 99.4, ""metrics"": {""criteria"": {""in_ema21_zone"": true, ""in_sma50_zone"": true, ""price_above_ema21_low"": true}, ""price"": 63.209999084472656, ""ema21"": 62.9, ""sma50"": 61.7, ""atr"": 1.2, ""r_from_ema21"": 0.26, ""r_from_sma50"": 1.26}, ""reason"": ""EMA21 pullback OK""}]}"
combo_pullback_entry,combo_pullback_entry,AHR,2026-03-13,0.982,98.2,ema21_pullback=PASS,pocket_pivot,passed,0.94,2.33,-0.44,19,2410757,133.8,0.0814,64.0,52.16,screener_fail:<reason> | tier2_fail:<metric:value op threshold>,"{""individual"": [{""passed"": true, ""ticker"": ""AHR"", ""screener_name"": ""ema21_pullback"", ""score"": 98.2, ""metrics"": {""criteria"": {""in_ema21_zone"": true, ""in_sma50_zone"": true, ""price_above_ema21_low"": true}, ""price"": 52.15999984741211, ""ema21"": 51.79, ""sma50"": 49.61, ""atr"": 1.37, ""r_from_ema21"": 0.27, ""r_from_sma50"": 1.86}, ""reason"": ""EMA21 pullback OK""}]}"
combo_pullback_entry,combo_pullback_entry,CLMT,2026-03-13,0.964,96.4,ema21_pullback=PASS,pocket_pivot,passed,0.53,5.2,-1.29,18,819756,43.8,0.3706,84.2,28.59,screener_fail:<reason> | tier2_fail:<metric:value op threshold>,"{""individual"": [{""passed"": true, ""ticker"": ""CLMT"", ""screener_name"": ""ema21_pullback"", ""score"": 96.4, ""metrics"": {""criteria"": {""in_ema21_zone"": true, ""in_sma50_zone"": true, ""price_above_ema21_low"": true}, ""price"": 28.59000015258789, ""ema21"": 28.14, ""sma50"": 24.71, ""atr"": 1.58, ""r_from_ema21"": 0.29, ""r_from_sma50"": 2.46}, ""reason"": ""EMA21 pullback OK""}]}"
combo_pullback_entry,combo_pullback_entry,BTU,2026-03-13,0.959,95.9,ema21_pullback=PASS,pocket_pivot,passed,0.66,5.53,3.14,19,1816802,95.0,0.2038,77.8,34.64,screener_fail:<reason> | tier2_fail:<metric:value op threshold>,"{""individual"": [{""passed"": true, ""ticker"": ""BTU"", ""screener_name"": ""ema21_pullback"", ""score"": 95.9, ""metrics"": {""criteria"": {""in_ema21_zone"": true, ""in_sma50_zone"": true, ""price_above_ema21_low"": true}, ""price"": 34.63999938964844, ""ema21"": 34.03, ""sma50"": 34.39, ""atr"": 2.11, ""r_from_ema21"": 0.29, ""r_from_sma50"": 0.12}, ""reason"": ""EMA21 pullback OK""}]}"
combo_pullback_entry,combo_pullback_entry,AA,2026-03-13,0.907,90.7,ema21_pullback=PASS,pocket_pivot,passed,0.83,6.21,2.92,18,5743317,440.9,0.3707,84.5,63.59,screener_fail:<reason> | tier2_fail:<metric:value op threshold>,"{""individual"": [{""passed"": true, ""ticker"": ""AA"", ""screener_name"": ""ema21_pullback"", ""score"": 90.7, ""metrics"": {""criteria"": {""in_ema21_zone"": true, ""in_sma50_zone"": true, ""price_above_ema21_low"": true}, ""price"": 63.59000015258789, ""ema21"": 62.1, ""sma50"": 61.25, ""atr"": 4.35, ""r_from_ema21"": 0.34, ""r_from_sma50"": 0.54}, ""reason"": ""EMA21 pullback OK""}]}"
combo_pullback_entry,combo_pullback_entry,CB,2026-03-13,0.889,88.9,ema21_pullback=PASS,pocket_pivot,passed,0.93,1.88,-0.59,20,1669434,591.0,0.0229,56.7,328.97,screener_fail:<reason> | tier2_fail:<metric:value op threshold>,"{""individual"": [{""passed"": true, ""ticker"": ""CB"", ""screener_name"": ""ema21_pullback"", ""score"": 88.9, ""metrics"": {""criteria"": {""in_ema21_zone"": true, ""in_sma50_zone"": true, ""price_above_ema21_low"": true}, ""price"": 328.9700012207031, ""ema21"": 328.08, ""sma50"": 319.19, ""atr"": 6.43, ""r_from_ema21"": 0.14, ""r_from_sma50"": 1.52}, ""reason"": ""EMA21 pullback OK""}]}"
combo_pullback_entry,combo_pullback_entry,CCI,2026-03-13,0.838,83.8,ema21_pullback=PASS,pocket_pivot,passed,0.54,2.79,-0.18,20,1726905,281.7,-0.0521,47.7,87.47,screener_fail:<reason> | tier2_fail:<metric:value op threshold>,"{""individual"": [{""passed"": true, ""ticker"": ""CCI"", ""screener_name"": ""ema21_pullback"", ""score"": 83.8, ""metrics"": {""criteria"": {""in_ema21_zone"": true, ""in_sma50_zone"": true, ""price_above_ema21_low"": true}, ""price"": 87.47000122070312, ""ema21"": 87.26, ""sma50"": 86.73, ""atr"": 2.4, ""r_from_ema21"": 0.09, ""r_from_sma50"": 0.31}, ""reason"": ""EMA21 pullback OK""}]}"
combo_pullback_entry,combo_pullback_entry,DFTX,2026-03-13,0.835,83.5,ema21_pullback=PASS,pocket_pivot,passed,1.02,5.76,2.88,19,1628127,28.8,0.4656,86.0,18.06,screener_fail:<reason> | tier2_fail:<metric:value op threshold>,"{""individual"": [{""passed"": true, ""ticker"": ""DFTX"", ""screener_name"": ""ema21_pullback"", ""score"": 83.5, ""metrics"": {""criteria"": {""in_ema21_zone"": true, ""in_sma50_zone"": true, ""price_above_ema21_low"": true}, ""price"": 18.059999465942383, ""ema21"": 17.64, ""sma50"": 16.6, ""atr"": 1.02, ""r_from_ema21"": 0.42, ""r_from_sma50"": 1.43}, ""reason"": ""EMA21 pullback OK""}]}"
combo_pullback_entry,combo_pullback_entry,CRWV,2026-02-12,0.815,81.5,ema21_pullback=PASS,pocket_pivot,passed,0.71,8.96,1.54,17,20416400,2755.9,0.2076,78.1,95.7,screener_fail:<reason> | tier2_fail:<metric:value op threshold>,"{""individual"": [{""passed"": true, ""ticker"": ""CRWV"", ""screener_name"": ""ema21_pullback"", ""score"": 81.5, ""metrics"": {""criteria"": {""in_ema21_zone"": true, ""in_sma50_zone"": true, ""price_above_ema21_low"": true}, ""price"": 95.69999694824219, ""ema21"": 91.44, ""sma50"": 85.58, ""atr"": 9.8, ""r_from_ema21"": 0.43, ""r_from_sma50"": 1.03}, ""reason"": ""EMA21 pullback OK""}]}"
combo_pullback_entry,combo_pullback_entry,DDOG,2026-03-13,0.767,76.7,ema21_pullback=PASS,pocket_pivot,passed,0.71,5.7,5.0,19,3938602,686.5,-0.1529,32.2,124.52,screener_fail:<reason> | tier2_fail:<metric:value op threshold>,"{""individual"": [{""passed"": true, ""ticker"": ""DDOG"", ""screener_name"": ""ema21_pullback"", ""score"": 76.7, ""metrics"": {""criteria"": {""in_ema21_zone"": true, ""in_sma50_zone"": true, ""price_above_ema21_low"": true}, ""price"": 124.5199966430664, ""ema21"": 121.37, ""sma50"": 123.58, ""atr"": 6.52, ""r_from_ema21"": 0.48, ""r_from_sma50"": 0.14}, ""reason"": ""EMA21 pullback OK""}]}"
combo_pullback_entry,combo_pullback_entry,BE,2026-03-13,0.753,75.3,ema21_pullback=PASS,pocket_pivot,passed,0.65,9.11,-1.26,19,6559894,1557.7,0.6953,87.4,154.51,screener_fail:<reason> | tier2_fail:<metric:value op threshold>,"{""individual"": [{""passed"": true, ""ticker"": ""BE"", ""screener_name"": ""ema21_pullback"", ""score"": 75.3, ""metrics"": {""criteria"": {""in_ema21_zone"": true, ""in_sma50_zone"": true, ""price_above_ema21_low"": true}, ""price"": 154.50999450683594, ""ema21"": 154.47, ""sma50"": 145.86, ""atr"": 15.69, ""r_from_ema21"": 0.0, ""r_from_sma50"": 0.55}, ""reason"": ""EMA21 pullback OK""}]}"
combo_pullback_entry,combo_pullback_entry,CALM,2026-03-13,0.711,71.1,ema21_pullback=PASS,pocket_pivot,passed,0.69,3.05,2.03,17,547818,69.8,-0.0227,50.6,87.85,screener_fail:<reason> | tier2_fail:<metric:value op threshold>,"{""individual"": [{""passed"": true, ""ticker"": ""CALM"", ""screener_name"": ""ema21_pullback"", ""score"": 71.1, ""metrics"": {""criteria"": {""in_ema21_zone"": true, ""in_sma50_zone"": true, ""price_above_ema21_low"": true}, ""price"": 87.8499984741211, ""ema21"": 86.4, ""sma50"": 82.27, ""atr"": 2.69, ""r_from_ema21"": 0.54, ""r_from_sma50"": 2.08}, ""reason"": ""EMA21 pullback OK""}]}"
combo_pullback_entry,combo_pullback_entry,DRS,2026-03-13,0.688,68.8,ema21_pullback=PASS,pocket_pivot,passed,0.5,4.62,4.05,17,708422,64.0,0.3155,83.0,45.3,screener_fail:<reason> | tier2_fail:<metric:value op threshold>,"{""individual"": [{""passed"": true, ""ticker"": ""DRS"", ""screener_name"": ""ema21_pullback"", ""score"": 68.8, ""metrics"": {""criteria"": {""in_ema21_zone"": true, ""in_sma50_zone"": true, ""price_above_ema21_low"": true}, ""price"": 45.29999923706055, ""ema21"": 44.0, ""sma50"": 41.29, ""atr"": 2.32, ""r_from_ema21"": 0.56, ""r_from_sma50"": 1.73}, ""reason"": ""EMA21 pullback OK""}]}"
combo_pullback_entry,combo_pullback_entry,BGC,2026-03-13,0.685,68.5,ema21_pullback=PASS,pocket_pivot,passed,2.03,3.55,1.11,17,4986330,23.5,0.0468,59.9,9.57,screener_fail:<reason> | tier2_fail:<metric:value op threshold>,"{""individual"": [{""passed"": true, ""ticker"": ""BGC"", ""screener_name"": ""ema21_pullback"", ""score"": 68.5, ""metrics"": {""criteria"": {""in_ema21_zone"": true, ""in_sma50_zone"": true, ""price_above_ema21_low"": true}, ""price"": 9.569999694824219, ""ema21"": 9.38, ""sma50"": 9.17, ""atr"": 0.34, ""r_from_ema21"": 0.57, ""r_from_sma50"": 1.16}, ""reason"": ""EMA21 pullback OK""}]}"
combo_pullback_entry,combo_pullback_entry,BSY,2026-03-13,0.683,68.3,ema21_pullback=PASS,pocket_pivot,passed,0.45,3.81,4.67,17,1836846,156.5,-0.0807,42.4,38.19,screener_fail:<reason> | tier2_fail:<metric:value op threshold>,"{""individual"": [{""passed"": true, ""ticker"": ""BSY"", ""screener_name"": ""ema21_pullback"", ""score"": 68.3, ""metrics"": {""criteria"": {""in_ema21_zone"": true, ""in_sma50_zone"": true, ""price_above_ema21_low"": true}, ""price"": 38.189998626708984, ""ema21"": 37.3, ""sma50"": 36.78, ""atr"": 1.57, ""r_from_ema21"": 0.57, ""r_from_sma50"": 0.9}, ""reason"": ""EMA21 pullback OK""}]}"
combo_pullback_entry,combo_pullback_entry,DINO,2026-03-13,0.638,63.8,ema21_pullback=PASS,pocket_pivot,passed,0.62,4.9,4.44,20,2533467,226.3,0.1052,67.3,55.73,screener_fail:<reason> | tier2_fail:<metric:value op threshold>,"{""individual"": [{""passed"": true, ""ticker"": ""DINO"", ""screener_name"": ""ema21_pullback"", ""score"": 63.8, ""metrics"": {""criteria"": {""in_ema21_zone"": true, ""in_sma50_zone"": true, ""price_above_ema21_low"": true}, ""price"": 55.72999954223633, ""ema21"": 54.04, ""sma50"": 52.02, ""atr"": 2.75, ""r_from_ema21"": 0.61, ""r_from_sma50"": 1.35}, ""reason"": ""EMA21 pullback OK""}]}"
combo_pullback_entry,combo_pullback_entry,BTI,2026-03-13,0.627,62.7,ema21_pullback=PASS,pocket_pivot,passed,1.2,1.67,-0.9,20,6836348,342.0,0.0223,56.4,59.93,screener_fail:<reason> | tier2_fail:<metric:value op threshold>,"{""individual"": [{""passed"": true, ""ticker"": ""BTI"", ""screener_name"": ""ema21_pullback"", ""score"": 62.7, ""metrics"": {""criteria"": {""in_ema21_zone"": true, ""in_sma50_zone"": true, ""price_above_ema21_low"": true}, ""price"": 59.93000030517578, ""ema21"": 60.09, ""sma50"": 59.28, ""atr"": 1.33, ""r_from_ema21"": -0.12, ""r_from_sma50"": 0.49}, ""reason"": ""EMA21 pullback OK""}]}"
combo_pullback_entry,combo_pullback_entry,CIEN,2026-03-13,0.624,62.4,ema21_pullback=PASS,pocket_pivot,passed,0.74,6.81,2.31,20,2142922,976.3,0.5312,86.5,337.38,screener_fail:<reason> | tier2_fail:<metric:value op threshold>,"{""individual"": [{""passed"": true, ""ticker"": ""CIEN"", ""screener_name"": ""ema21_pullback"", ""score"": 62.4, ""metrics"": {""criteria"": {""in_ema21_zone"": true, ""in_sma50_zone"": true, ""price_above_ema21_low"": true}, ""price"": 337.3800048828125, ""ema21"": 321.05, ""sma50"": 283.15, ""atr"": 26.09, ""r_from_ema21"": 0.63, ""r_from_sma50"": 2.08}, ""reason"": ""EMA21 pullback OK""}]}"
combo_pullback_entry,combo_pullback_entry,CLDX,2026-03-13,0.624,62.4,ema21_pullback=PASS,pocket_pivot,passed,0.45,5.31,6.15,17,493725,32.1,0.0599,61.1,29.51,screener_fail:<reason> | tier2_fail:<metric:value op threshold>,"{""individual"": [{""passed"": true, ""ticker"": ""CLDX"", ""screener_name"": ""ema21_pullback"", ""score"": 62.4, ""metrics"": {""criteria"": {""in_ema21_zone"": true, ""in_sma50_zone"": true, ""price_above_ema21_low"": true}, ""price"": 29.510000228881836, ""ema21"": 28.43, ""sma50"": 26.46, ""atr"": 1.73, ""r_from_ema21"": 0.63, ""r_from_sma50"": 1.77}, ""reason"": ""EMA21 pullback OK""}]}"
combo_pullback_entry,combo_pullback_entry,AMT,2026-03-13,0.604,60.4,ema21_pullback=PASS,pocket_pivot,passed,1.06,2.62,-1.67,17,3169515,553.7,0.0035,54.7,184.41,screener_fail:<reason> | tier2_fail:<metric:value op threshold>,"{""individual"": [{""passed"": true, ""ticker"": ""AMT"", ""screener_name"": ""ema21_pullback"", ""score"": 60.4, ""metrics"": {""criteria"": {""in_ema21_zone"": true, ""in_sma50_zone"": true, ""price_above_ema21_low"": true}, ""price"": 184.41000366210938, ""ema21"": 185.19, ""sma50"": 180.92, ""atr"": 5.31, ""r_from_ema21"": -0.15, ""r_from_sma50"": 0.66}, ""reason"": ""EMA21 pullback OK""}]}"
combo_pullback_entry,combo_pullback_entry,EBAY,2026-03-13,0.601,60.1,ema21_pullback=PASS,pocket_pivot,passed,0.72,3.71,3.86,20,4459552,566.9,0.0765,63.2,91.34,screener_fail:<reason> | tier2_fail:<metric:value op threshold>,"{""individual"": [{""passed"": true, ""ticker"": ""EBAY"", ""screener_name"": ""ema21_pullback"", ""score"": 60.1, ""metrics"": {""criteria"": {""in_ema21_zone"": true, ""in_sma50_zone"": true, ""price_above_ema21_low"": true}, ""price"": 91.33999633789062, ""ema21"": 89.45, ""sma50"": 89.64, ""atr"": 2.91, ""r_from_ema21"": 0.65, ""r_from_sma50"": 0.59}, ""reason"": ""EMA21 pullback OK""}]}"
combo_pullback_entry,combo_pullback_entry,CSCO,2026-03-13,0.584,58.4,ema21_pullback=PASS,pocket_pivot,passed,0.82,2.31,-0.1,20,19076679,1822.8,-0.0201,51.2,78.33,screener_fail:<reason> | tier2_fail:<metric:value op threshold>,"{""individual"": [{""passed"": true, ""ticker"": ""CSCO"", ""screener_name"": ""ema21_pullback"", ""score"": 58.4, ""metrics"": {""criteria"": {""in_ema21_zone"": true, ""in_sma50_zone"": true, ""price_above_ema21_low"": true}, ""price"": 78.33000183105469, ""ema21"": 78.65, ""sma50"": 78.03, ""atr"": 1.92, ""r_from_ema21"": -0.17, ""r_from_sma50"": 0.16}, ""reason"": ""EMA21 pullback OK""}]}"
combo_pullback_entry,combo_pullback_entry,DYN,2026-03-13,0.569,56.9,ema21_pullback=PASS,pocket_pivot,passed,1.0,7.2,10.38,15,2392896,42.9,-0.1147,38.3,17.92,screener_fail:<reason> | tier2_fail:<metric:value op threshold>,"{""individual"": [{""passed"": true, ""ticker"": ""DYN"", ""screener_name"": ""ema21_pullback"", ""score"": 56.9, ""metrics"": {""criteria"": {""in_ema21_zone"": true, ""in_sma50_zone"": true, ""price_above_ema21_low"": true}, ""price"": 17.920000076293945, ""ema21"": 16.94, ""sma50"": 17.11, ""atr"": 1.44, ""r_from_ema21"": 0.68, ""r_from_sma50"": 0.56}, ""reason"": ""EMA21 pullback OK""}]}"
combo_pullback_entry,combo_pullback_entry,CME,2026-03-13,0.526,52.6,ema21_pullback=PASS,pocket_pivot,passed,0.9,1.95,1.49,19,2253389,777.0,0.1146,67.8,311.4,screener_fail:<reason> | tier2_fail:<metric:value op threshold>,"{""individual"": [{""passed"": true, ""ticker"": ""CME"", ""screener_name"": ""ema21_pullback"", ""score"": 52.6, ""metrics"": {""criteria"": {""in_ema21_zone"": true, ""in_sma50_zone"": true, ""price_above_ema21_low"": true}, ""price"": 311.3999938964844, ""ema21"": 306.13, ""sma50"": 292.67, ""atr"": 7.27, ""r_from_ema21"": 0.72, ""r_from_sma50"": 2.58}, ""reason"": ""EMA21 pullback OK""}]}"
combo_pullback_entry,combo_pullback_entry,DLR,2026-03-13,0.524,52.4,ema21_pullback=PASS,pocket_pivot,passed,0.78,2.26,1.17,19,1576656,364.8,0.1453,72.2,179.61,screener_fail:<reason> | tier2_fail:<metric:value op threshold>,"{""individual"": [{""passed"": true, ""ticker"": ""DLR"", ""screener_name"": ""ema21_pullback"", ""score"": 52.4, ""metrics"": {""criteria"": {""in_ema21_zone"": true, ""in_sma50_zone"": true, ""price_above_ema21_low"": true}, ""price"": 179.61000061035156, ""ema21"": 176.38, ""sma50"": 168.62, ""atr"": 4.45, ""r_from_ema21"": 0.73, ""r_from_sma50"": 2.47}, ""reason"": ""EMA21 pullback OK""}]}"
combo_pullback_entry,combo_pullback_entry,CAPR,2026-03-13,0.344,34.4,ema21_pullback=PASS,pocket_pivot,passed,1.67,7.37,8.53,16,2597535,47.3,0.1193,68.4,30.5,screener_fail:<reason> | tier2_fail:<metric:value op threshold>,"{""individual"": [{""passed"": true, ""ticker"": ""CAPR"", ""screener_name"": ""ema21_pullback"", ""score"": 34.4, ""metrics"": {""criteria"": {""in_ema21_zone"": true, ""in_sma50_zone"": true, ""price_above_ema21_low"": true}, ""price"": 30.5, ""ema21"": 28.5, ""sma50"": 25.91, ""atr"": 2.21, ""r_from_ema21"": 0.91, ""r_from_sma50"": 2.08}, ""reason"": ""EMA21 pullback OK""}]}"
combo_pullback_entry,combo_pullback_entry,ARM,2026-02-12,0.308,30.8,ema21_pullback=PASS,pocket_pivot,passed,0.7,5.37,7.68,15,5974500,1043.7,-0.1553,31.6,122.19,screener_fail:<reason> | tier2_fail:<metric:value op threshold>,"{""individual"": [{""passed"": true, ""ticker"": ""ARM"", ""screener_name"": ""ema21_pullback"", ""score"": 30.8, ""metrics"": {""criteria"": {""in_ema21_zone"": true, ""in_sma50_zone"": true, ""price_above_ema21_low"": true}, ""price"": 122.19000244140625, ""ema21"": 115.93, ""sma50"": 117.87, ""atr"": 6.64, ""r_from_ema21"": 0.94, ""r_from_sma50"": 0.65}, ""reason"": ""EMA21 pullback OK""}]}"
combo_pullback_entry,combo_pullback_entry,CTVA,2026-03-13,0.264,26.4,ema21_pullback=PASS,pocket_pivot,passed,1.05,2.23,2.01,17,4197708,316.3,0.1729,75.7,79.21,screener_fail:<reason> | tier2_fail:<metric:value op threshold>,"{""individual"": [{""passed"": true, ""ticker"": ""CTVA"", ""screener_name"": ""ema21_pullback"", ""score"": 26.4, ""metrics"": {""criteria"": {""in_ema21_zone"": true, ""in_sma50_zone"": true, ""price_above_ema21_low"": true}, ""price"": 79.20999908447266, ""ema21"": 77.25, ""sma50"": 73.89, ""atr"": 1.99, ""r_from_ema21"": 0.99, ""r_from_sma50"": 2.68}, ""reason"": ""EMA21 pullback OK""}]}"
combo_pullback_entry,combo_pullback_entry,CNX,2026-03-13,0.258,25.8,ema21_pullback=PASS,pocket_pivot,passed,0.55,3.85,3.7,19,1305581,100.8,0.0622,61.4,42.14,screener_fail:<reason> | tier2_fail:<metric:value op threshold>,"{""individual"": [{""passed"": true, ""ticker"": ""CNX"", ""screener_name"": ""ema21_pullback"", ""score"": 25.8, ""metrics"": {""criteria"": {""in_ema21_zone"": true, ""in_sma50_zone"": true, ""price_above_ema21_low"": true}, ""price"": 42.13999938964844, ""ema21"": 40.55, ""sma50"": 38.62, ""atr"": 1.61, ""r_from_ema21"": 0.99, ""r_from_sma50"": 2.19}, ""reason"": ""EMA21 pullback OK""}]}"
combo_pullback_entry,combo_pullback_entry,BLSH,2026-03-13,0.254,25.4,ema21_pullback=PASS,pocket_pivot,passed,0.77,5.54,8.55,19,1047978,49.9,-0.1664,30.1,36.62,screener_fail:<reason> | tier2_fail:<metric:value op threshold>,"{""individual"": [{""passed"": true, ""ticker"": ""BLSH"", ""screener_name"": ""ema21_pullback"", ""score"": 25.4, ""metrics"": {""criteria"": {""in_ema21_zone"": true, ""in_sma50_zone"": true, ""price_above_ema21_low"": true}, ""price"": 36.619998931884766, ""ema21"": 34.49, ""sma50"": 34.55, ""atr"": 2.14, ""r_from_ema21"": 1.0, ""r_from_sma50"": 0.97}, ""reason"": ""EMA21 pullback OK""}]}"
