date,symbol,camino,entry_price,exit_price,return_pct,risk_pct,outcome,hold_days,stop_loss,base_high
2024-01-31,LUNR,Camino AMINO_3,3.7799999713897705,3.5,-7.407406706588533,3.7037033532942667,LOSS,5,3.742199971675873,3.704399971961975
2024-02-21,LUNR,Camino AMINO_3,9.31999969482422,5.880000114440918,-36.90986795089355,18.454933975446774,LOSS,5,9.226799697875979,9.133599700927736
2024-02-27,LUNR,Camino AMINO_1,6.704999923706055,5.300000190734863,-20.954507814440152,10.477253907220076,LOSS,5,6.637949924468994,6.570899925231934
2024-03-15,LUNR,Camino AMINO_2,5.489999771118164,6.400000095367432,16.575598582655772,8.287799291327886,WIN,5,5.435099773406982,5.380199775695801
2024-03-19,LUNR,Camino AMINO_2,5.489999771118164,7.130000114440918,29.872502945272988,14.936251472636494,WIN,5,5.435099773406982,5.380199775695801
2024-03-20,LUNR,Camino AMINO_2,5.605000019073486,6.880000114440918,22.747548457246765,11.373774228623382,WIN,5,5.548950018882752,5.4929000186920165
2024-03-22,LUNR,Camino AMINO_1,6.400000095367432,6.650000095367432,3.90624994179234,1.95312497089617,WIN,5,6.336000094413757,6.272000093460083
2024-04-01,LUNR,Camino AMINO_1,6.650000095367432,5.119999885559082,-23.007521622055148,11.503760811027574,LOSS,5,6.583500094413758,6.517000093460083
2024-05-03,LUNR,Camino AMINO_1,5.570000171661377,5.769999980926514,3.590660737905908,1.795330368952954,WIN,5,5.514300169944764,5.458600168228149
2024-05-07,LUNR,Camino AMINO_1,5.760000228881836,5.699999809265137,-1.0416739102864037,0.5208369551432018,LOSS,5,5.702400226593017,5.644800224304199
2024-05-08,LUNR,Camino AMINO_1,5.860000133514404,5.210000038146973,-11.092151545355144,5.546075772677572,LOSS,5,5.8014001321792605,5.742800130844116
2024-05-13,LUNR,Camino AMINO_1,6.070000171661377,5.190000057220459,-14.497530305671464,7.248765152835732,LOSS,5,6.009300169944763,5.9486001682281495
2024-07-11,LUNR,Camino AMINO_1,4.190000057220459,4.050000190734863,-3.3412855506848875,1.6706427753424438,LOSS,5,4.148100056648254,4.10620005607605
2024-08-19,LUNR,Camino AMINO_1,4.25,5.25,23.52941176470588,11.76470588235294,WIN,5,4.2075,4.165
2024-08-20,LUNR,Camino AMINO_3,5.670000076293945,4.880000114440918,-13.932979739382848,6.966489869691424,LOSS,5,5.613300075531006,5.556600074768066
2024-08-21,LUNR,Camino AMINO_3,5.380000114440918,4.670000076293945,-13.197026450635214,6.598513225317607,LOSS,5,5.326200113296509,5.272400112152099
2024-08-29,LUNR,Camino AMINO_1,4.820000171661377,5.039999961853027,4.564310837271609,2.2821554186358046,WIN,5,4.771800169944763,4.723600168228149
2024-08-30,LUNR,Camino AMINO_1,4.96999979019165,5.519999980926514,11.066402695233403,5.533201347616702,WIN,5,4.920299792289734,4.870599794387817
2024-09-12,LUNR,Camino AMINO_1,5.699999809265137,9.279999732971191,62.80701830703394,31.40350915351697,WIN,5,5.642999811172485,5.585999813079834
2024-09-18,LUNR,Camino AMINO_3,7.46999979019165,7.989999771118164,6.961177985698076,3.480588992849038,WIN,5,7.395299792289734,7.320599794387817
2024-10-10,LUNR,Camino AMINO_2,7.230000019073486,8.350000381469727,15.491014653410287,7.745507326705144,WIN,5,7.1577000188827515,7.085400018692017
2024-10-22,LUNR,Camino AMINO_1,8.579999923706055,8.319999694824219,-3.030305724869181,1.5151528624345905,LOSS,5,8.494199924468994,8.408399925231933
2024-10-28,LUNR,Camino AMINO_1,8.220000267028809,7.579999923706055,-7.785892001608021,3.8929460008040104,LOSS,5,8.137800264358521,8.055600261688232
2024-11-05,LUNR,Camino AMINO_2,7.739999771118164,10.399999618530272,34.36692410945422,17.18346205472711,WIN,5,7.662599773406982,7.5851997756958
2024-11-07,LUNR,Camino AMINO_1,9.520000457763672,10.229999542236328,7.457973217781137,3.7289866088905685,WIN,5,9.424800453186036,9.329600448608398
2024-11-08,LUNR,Camino AMINO_1,9.729999542236328,12.420000076293944,27.64646105460506,13.82323052730253,WIN,5,9.632699546813965,9.5353995513916
2024-11-11,LUNR,Camino AMINO_3,11.0,11.68000030517578,6.181820956143466,3.090910478071733,WIN,5,10.89,10.78
2024-11-13,LUNR,Camino AMINO_3,11.760000228881836,12.06999969482422,2.636049829157684,1.318024914578842,WIN,5,11.642400226593017,11.5248002243042
2024-11-15,LUNR,Camino AMINO_1,12.420000076293944,15.119999885559082,21.73912876553541,10.869564382767704,WIN,5,12.295800075531004,12.171600074768065
2024-11-21,LUNR,Camino AMINO_3,13.994999885559082,16.350000381469727,16.827442051933716,8.413721025966858,WIN,5,13.85504988670349,13.7150998878479
2024-12-12,LUNR,Camino AMINO_2,11.68000030517578,12.779999732971191,9.417803074097227,4.708901537048614,WIN,5,11.563200302124022,11.446400299072264
2024-02-22,MU,Camino AMINO_1,85.91000366210938,90.61000061035156,5.470837792915987,2.7354188964579933,WIN,5,85.05090362548827,84.19180358886719
2024-02-26,MU,Camino AMINO_1,89.45999908447266,95.7699966430664,7.053429044455423,3.5267145222277114,WIN,5,88.56539909362793,87.6707991027832
2024-02-27,MU,Camino AMINO_1,91.8499984741211,94.47000122070312,2.8524799021311056,1.4262399510655528,WIN,5,90.93149848937988,90.01299850463867
2024-02-29,MU,Camino AMINO_1,90.61000061035156,98.9800033569336,9.237393985433677,4.618696992716838,WIN,5,89.70390060424805,88.79780059814453
2024-03-01,MU,Camino AMINO_1,95.1500015258789,97.62000274658205,2.595902449913607,1.2979512249568035,WIN,5,94.19850151062012,93.24700149536133
2024-03-04,MU,Camino AMINO_1,95.7699966430664,94.51000213623048,-1.315646393443994,0.657823196721997,LOSS,5,94.81229667663574,93.85459671020507
2024-03-15,MU,Camino AMINO_1,93.25,110.20999908447266,18.18766657852296,9.09383328926148,WIN,5,92.3175,91.385
2024-03-18,MU,Camino AMINO_1,93.77999877929688,117.12999725341795,24.8986977799747,12.44934888998735,WIN,5,92.8421987915039,91.90439880371093
2024-03-19,MU,Camino AMINO_1,94.0,118.8000030517578,26.38298196995512,13.19149098497756,WIN,5,93.06,92.12
2024-03-20,MU,Camino AMINO_1,96.25,119.25,23.89610389610389,11.948051948051946,WIN,5,95.2875,94.325
2024-03-21,MU,Camino AMINO_1,109.8499984741211,117.88999938964844,7.319072396183455,3.6595361980917276,WIN,5,108.75149848937988,107.65299850463867
2024-03-22,MU,Camino AMINO_1,110.20999908447266,124.3000030517578,12.78468749145492,6.39234374572746,WIN,5,109.10789909362794,108.0057991027832
2024-03-25,MU,Camino AMINO_3,117.12999725341795,122.75,4.798090052390942,2.399045026195471,WIN,5,115.95869728088377,114.7873973083496
2024-03-26,MU,Camino AMINO_3,118.8000030517578,128.00999450683594,7.752517860681865,3.8762589303409327,WIN,5,117.61200302124021,116.42400299072264
2024-04-22,MU,Camino AMINO_2,109.12000274658205,114.36000061035156,4.802050707365533,2.4010253536827664,WIN,5,108.02880271911623,106.9376026916504
2024-04-26,MU,Camino AMINO_2,114.83999633789062,114.6999969482422,-0.1219082150059645,0.06095410750298225,LOSS,5,113.69159637451172,112.54319641113281
2024-05-02,MU,Camino AMINO_2,112.33000183105467,117.80999755859376,4.878479158026744,2.439239579013372,WIN,5,111.20670181274413,110.08340179443358
2024-05-03,MU,Camino AMINO_2,114.6999969482422,121.23999786376952,5.701831813019565,2.8509159065097824,WIN,5,113.55299697875978,112.40599700927736
2024-06-03,MU,Camino AMINO_1,128.1699981689453,134.82000732421875,5.18842884471905,2.594214422359525,WIN,5,126.88829818725586,125.6065982055664
2024-06-05,MU,Camino AMINO_1,133.7100067138672,140.75,5.265120733407822,2.632560366703911,WIN,5,132.37290664672852,131.03580657958983
2024-06-12,MU,Camino AMINO_1,140.75,144.19000244140625,2.444051468139432,1.222025734069716,WIN,5,139.3425,137.935
2024-06-13,MU,Camino AMINO_1,143.13999938964844,139.5399932861328,-2.5150245346277185,1.2575122673138592,LOSS,5,141.70859939575195,140.27719940185546
2024-06-17,MU,Camino AMINO_1,147.8300018310547,141.1199951171875,-4.5390019825174726,2.2695009912587363,LOSS,5,146.35170181274415,144.8734017944336
2024-06-18,MU,Camino AMINO_3,153.4499969482422,142.36000061035156,-7.227107564968684,3.613553782484342,LOSS,5,151.91549697875976,150.38099700927734
2024-06-25,MU,Camino AMINO_1,141.1199951171875,132.58999633789062,-6.044500477918438,3.022250238959219,LOSS,5,139.70879516601562,138.29759521484374
2024-06-26,MU,Camino AMINO_1,142.36000061035156,136.82000732421875,-3.8915378353334864,1.9457689176667432,LOSS,5,140.93640060424804,139.51280059814454
2024-07-02,MU,Camino AMINO_2,132.58999633789062,136.38999938964844,2.8659802071899407,1.4329901035949704,WIN,5,131.26409637451172,129.93819641113282
2024-07-03,MU,Camino AMINO_2,136.82000732421875,130.22999572753906,-4.816555506435189,2.4082777532175945,LOSS,5,135.45180725097657,134.08360717773436
2024-07-09,MU,Camino AMINO_2,131.13999938964844,127.48999786376952,-2.783286215393272,1.391643107696636,LOSS,5,129.82859939575195,128.51719940185546
2024-07-10,MU,Camino AMINO_2,136.38999938964844,119.5,-12.38360544411758,6.19180272205879,LOSS,5,135.02609939575194,133.66219940185547
2024-07-12,MU,Camino AMINO_2,133.5500030517578,114.26000213623048,-14.44402880923292,7.22201440461646,LOSS,5,132.21450302124023,130.87900299072265
2024-09-23,MU,Camino AMINO_1,93.56999969482422,103.70999908447266,10.836806051853957,5.418403025926978,WIN,5,92.63429969787597,91.69859970092773
2024-09-24,MU,Camino AMINO_1,94.0,100.30999755859376,6.712763360206117,3.3563816801030586,WIN,5,93.06,92.12
2024-09-25,MU,Camino AMINO_1,95.7699966430664,99.8499984741211,4.2602088065856405,2.1301044032928202,WIN,5,94.81229667663574,93.85459671020507
2024-09-26,MU,Camino AMINO_3,109.87999725341795,101.81999969482422,-7.335272806755583,3.6676364033777915,LOSS,5,108.78119728088377,107.68239730834959
2024-11-01,MU,Camino AMINO_2,99.7300033569336,111.9000015258789,12.202945712724883,6.101472856362442,WIN,5,98.73270332336426,97.73540328979492
2024-11-04,MU,Camino AMINO_2,101.7300033569336,108.6500015258789,6.802317841930621,3.4011589209653104,WIN,5,100.71270332336425,99.69540328979492
2024-11-05,MU,Camino AMINO_2,105.48999786376952,104.0999984741211,-1.3176598898442409,0.6588299449221204,LOSS,5,104.43509788513182,103.38019790649412
2024-03-06,ALM,Camino AMINO_1,1.028249979019165,1.0169999599456787,-1.094093780990648,0.547046890495324,LOSS,5,1.0179674792289735,1.0076849794387817
2024-03-22,ALM,Camino AMINO_1,1.0327500104904177,1.0327500104904177,0.0,0.0,LOSS,5,1.0224225103855136,1.0120950102806092
2024-04-29,ALM,Camino AMINO_1,1.0529999732971191,1.0709999799728394,1.7094023867217378,0.8547011933608689,WIN,5,1.0424699735641478,1.0319399738311767
2024-05-06,ALM,Camino AMINO_1,1.0709999799728394,1.0575000047683716,-1.2605019100756782,0.6302509550378391,LOSS,5,1.060289980173111,1.0495799803733825
2024-05-14,ALM,Camino AMINO_3,1.156499981880188,1.183500051498413,2.3346364065072915,1.1673182032536458,WIN,5,1.144934982061386,1.1333699822425842
2024-05-28,ALM,Camino AMINO_1,1.1610000133514404,1.1227500438690186,-3.294570976963755,1.6472854884818775,LOSS,5,1.149390013217926,1.1377800130844116
2024-07-18,ALM,Camino AMINO_1,1.1092499494552612,1.0777499675750732,-2.839755088170816,1.419877544085408,LOSS,5,1.0981574499607085,1.087064950466156
2024-08-09,ALM,Camino AMINO_1,1.1430000066757202,1.215000033378601,6.299214897844522,3.149607448922261,WIN,5,1.131570006608963,1.1201400065422058
2024-08-16,ALM,Camino AMINO_1,1.215000033378601,1.33650004863739,10.000000981146387,5.000000490573194,WIN,5,1.202850033044815,1.190700032711029
2024-08-19,ALM,Camino AMINO_3,1.3005000352859497,1.33650004863739,2.76816704149684,1.38408352074842,WIN,5,1.2874950349330903,1.2744900345802306
2024-08-20,ALM,Camino AMINO_3,1.2960000038146973,1.2825000286102295,-1.0416647503650784,0.5208323751825392,LOSS,5,1.2830400037765504,1.2700800037384032
2024-09-10,ALM,Camino AMINO_2,1.2825000286102295,1.3229999542236328,3.1578888662708824,1.5789444331354412,WIN,5,1.2696750283241272,1.2568500280380248
2024-09-12,ALM,Camino AMINO_2,1.3027499914169312,1.3387500047683716,2.7633861898770884,1.3816930949385442,WIN,5,1.2897224915027619,1.2766949915885926
2024-10-03,ALM,Camino AMINO_2,1.2914999723434448,1.3027499914169312,0.8710816348739838,0.4355408174369919,WIN,5,1.2785849726200105,1.265669972896576
2024-10-04,ALM,Camino AMINO_1,1.399500012397766,1.40625,0.4823142223964056,0.2411571111982028,WIN,5,1.3855050122737882,1.3715100121498105
2024-10-11,ALM,Camino AMINO_1,1.40625,1.4557499885559082,3.519999186197917,1.7599995930989585,WIN,5,1.3921875,1.378125
2024-10-14,ALM,Camino AMINO_1,1.5052499771118164,1.399500012397766,-7.025408823918868,3.512704411959434,LOSS,5,1.4901974773406983,1.47514497756958
2024-10-15,ALM,Camino AMINO_1,1.5614999532699585,1.4602500200271606,-6.4841457747577245,3.2420728873788622,LOSS,5,1.545884953737259,1.5302699542045592
2024-11-18,ALM,Camino AMINO_1,1.40625,1.440000057220459,2.4000040690104165,1.2000020345052083,WIN,5,1.3921875,1.378125
2024-11-29,ALM,Camino AMINO_1,1.444499969482422,1.4017499685287476,-2.9595016861780934,1.4797508430890467,LOSS,5,1.430054969787598,1.4156099700927736
2024-12-02,ALM,Camino AMINO_1,1.469249963760376,1.397250056266785,-4.900453242776733,2.4502266213883663,LOSS,5,1.4545574641227723,1.4398649644851684
2024-12-04,ALM,Camino AMINO_1,1.4287500381469729,1.3904999494552612,-2.6771714904952963,1.3385857452476482,LOSS,5,1.4144625377655031,1.4001750373840334
2024-12-06,ALM,Camino AMINO_1,1.4017499685287476,1.440000057220459,2.728738330692317,1.3643691653461585,WIN,5,1.38773246884346,1.3737149691581725
2024-12-10,ALM,Camino AMINO_1,1.4242500066757202,1.40625,-1.263823527565448,0.631911763782724,LOSS,5,1.410007506608963,1.3957650065422058
2024-02-08,AFRM,Camino AMINO_1,49.220001220703125,41.560001373291016,-15.56277866200078,7.78138933100039,LOSS,5,48.727801208496096,48.23560119628906
2024-03-08,AFRM,Camino AMINO_1,38.7599983215332,33.709999084472656,-13.028894364670313,6.514447182335156,LOSS,5,38.37239833831787,37.98479835510254
2024-03-13,AFRM,Camino AMINO_1,38.790000915527344,37.790000915527344,-2.577983955653137,1.2889919778265686,LOSS,5,38.40210090637207,38.014200897216796
2024-03-20,AFRM,Camino AMINO_1,37.790000915527344,36.720001220703125,-2.831436011912273,1.4157180059561365,LOSS,5,37.41210090637207,37.0342008972168
2024-05-02,AFRM,Camino AMINO_1,34.439998626708984,34.810001373291016,1.0743401897092002,0.5371700948546001,WIN,5,34.09559864044189,33.75119865417481
2024-05-03,AFRM,Camino AMINO_1,34.93000030517578,31.59000015258789,-9.561981458365414,4.780990729182707,LOSS,5,34.58070030212402,34.23140029907226
2024-05-09,AFRM,Camino AMINO_1,34.810001373291016,31.31999969482422,-10.025859065735638,5.012929532867819,LOSS,5,34.461901359558105,34.113801345825195
2024-05-14,AFRM,Camino AMINO_1,33.439998626708984,32.279998779296875,-3.4688992076859764,1.7344496038429882,LOSS,5,33.1055986404419,32.7711986541748
2024-05-17,AFRM,Camino AMINO_1,33.83000183105469,30.030000686645508,-11.232636531875444,5.616318265937722,LOSS,5,33.49170181274414,33.15340179443359
2024-06-11,AFRM,Camino AMINO_1,33.79999923706055,30.530000686645508,-9.674552142680517,4.837276071340258,LOSS,5,33.46199924468994,33.12399925231934
2024-06-12,AFRM,Camino AMINO_1,35.75,30.13999938964844,-15.692309399584788,7.846154699792394,LOSS,5,35.3925,35.035
2024-06-24,AFRM,Camino AMINO_1,33.70000076293945,29.82999992370605,-11.483681755548544,5.741840877774272,LOSS,5,33.36300075531006,33.02600074768066
2024-07-16,AFRM,Camino AMINO_1,33.459999084472656,29.34000015258789,-12.31320694744633,6.156603473723165,LOSS,5,33.12539909362793,32.790799102783204
2024-08-15,AFRM,Camino AMINO_1,28.3700008392334,29.959999084472656,5.604505457188496,2.802252728594248,WIN,5,28.086300830841065,27.80260082244873
2024-08-19,AFRM,Camino AMINO_1,30.34000015258789,31.8799991607666,5.075804220282295,2.5379021101411476,WIN,5,30.03660015106201,29.73320014953613
2024-08-21,AFRM,Camino AMINO_1,29.75,31.57999992370605,6.151260247751445,3.0756301238757224,WIN,5,29.4525,29.155
2024-09-19,AFRM,Camino AMINO_1,44.97999954223633,41.63999938964844,-7.425522869229072,3.712761434614536,LOSS,5,44.53019954681397,44.0803995513916
2024-10-02,AFRM,Camino AMINO_2,39.04999923706055,43.25,10.75544390524194,5.37772195262097,WIN,5,38.65949924468994,38.26899925231933
2024-10-08,AFRM,Camino AMINO_2,41.150001525878906,47.86000061035156,16.306194011324134,8.153097005662067,WIN,5,40.73850151062012,40.32700149536133
2024-10-11,AFRM,Camino AMINO_1,47.08000183105469,44.540000915527344,-5.39507395229522,2.69753697614761,LOSS,5,46.60920181274414,46.13840179443359
2024-10-14,AFRM,Camino AMINO_1,49.2599983215332,43.650001525878906,-11.388544431196172,5.694272215598086,LOSS,5,48.76739833831787,48.27479835510254
2024-10-29,AFRM,Camino AMINO_2,42.869998931884766,45.59999847412109,6.36808866399546,3.18404433199773,WIN,5,42.441298942565915,42.01259895324707
2024-10-30,AFRM,Camino AMINO_1,45.2400016784668,50.0,10.521658145293246,5.260829072646623,WIN,5,44.78760166168213,44.33520164489746
2024-11-04,AFRM,Camino AMINO_2,43.68999862670898,57.584999084472656,31.803618435614347,15.901809217807173,WIN,5,43.253098640441884,42.8161986541748
2024-11-06,AFRM,Camino AMINO_1,50.0,54.81999969482422,9.639999389648438,4.819999694824219,WIN,5,49.5,49.0
2024-11-11,AFRM,Camino AMINO_3,57.584999084472656,62.060001373291016,7.771125049865649,3.8855625249328245,WIN,5,57.009149093627926,56.4332991027832
2024-11-12,AFRM,Camino AMINO_3,57.59000015258789,63.959999084472656,11.0609461972688,5.5304730986344,WIN,5,57.01410015106201,56.43820014953613
2024-02-29,WDC,Camino AMINO_1,44.950870513916016,48.5865478515625,8.088113302546478,4.044056651273239,WIN,5,44.501361808776856,44.0518531036377
2024-03-01,WDC,Camino AMINO_3,48.601661682128906,47.619049072265625,-2.0217675195755564,1.0108837597877782,LOSS,5,48.11564506530762,47.62962844848633
2024-03-26,WDC,Camino AMINO_1,51.511714935302734,54.134544372558594,5.091714458643164,2.545857229321582,WIN,5,50.9965977859497,50.48148063659668
2024-03-28,WDC,Camino AMINO_1,51.57974243164063,55.260772705078125,7.136581339691688,3.568290669845844,WIN,5,51.06394500732423,50.54814758300782
2024-04-01,WDC,Camino AMINO_3,53.55253219604492,55.139835357666016,2.9640114043726262,1.4820057021863131,WIN,5,53.01700687408447,52.48148155212402
2024-04-22,WDC,Camino AMINO_2,50.68027114868164,52.80423355102539,4.190905759191072,2.095452879595536,WIN,5,50.17346843719482,49.66666572570801
2024-04-23,WDC,Camino AMINO_2,52.84958267211914,53.53741455078125,1.3014897069849067,0.6507448534924534,WIN,5,52.32108684539795,51.79259101867676
2024-05-14,WDC,Camino AMINO_1,55.58578872680664,55.941043853759766,0.6391114259422224,0.3195557129711112,WIN,5,55.02993083953857,54.474072952270504
2024-05-15,WDC,Camino AMINO_1,57.21088409423828,55.58578872680664,-2.840535316242918,1.420267658121459,LOSS,5,56.6387752532959,56.06666641235351
2024-05-29,WDC,Camino AMINO_1,58.52607727050781,58.12547302246094,-0.6844884651935242,0.3422442325967621,LOSS,5,57.940816497802736,57.35555572509765
2024-06-05,WDC,Camino AMINO_1,58.12547302246094,59.856388092041016,2.9778941651127986,1.4889470825563993,WIN,5,57.54421829223633,56.962963562011716
2024-06-10,WDC,Camino AMINO_1,58.27664566040039,60.36281204223633,3.5797640001327498,1.7898820000663749,WIN,5,57.693879203796385,57.11111274719238
2024-06-12,WDC,Camino AMINO_1,59.856388092041016,57.664398193359375,-3.66208180705963,1.831040903529815,LOSS,5,59.25782421112061,58.6592603302002
2024-06-13,WDC,Camino AMINO_1,60.15117263793945,57.27135467529297,-4.787633950181849,2.3938169750909246,LOSS,5,59.54966091156006,58.94814918518066
2024-06-18,WDC,Camino AMINO_1,60.64247894287109,57.04459762573242,-5.932939055027904,2.966469527513952,LOSS,5,60.03605415344237,59.429629364013664
2024-07-01,WDC,Camino AMINO_2,57.73242568969727,59.28193664550781,2.68395262679404,1.34197631339702,WIN,5,57.1551014328003,56.57777717590333
2024-07-12,WDC,Camino AMINO_1,59.53892517089844,52.77399826049805,-11.36219186184934,5.68109593092467,LOSS,5,58.94353591918945,58.34814666748047
2024-07-15,WDC,Camino AMINO_1,59.57672119140625,55.22297668457031,-7.307794755687144,3.653897377843572,LOSS,5,58.980953979492185,58.385186767578126
2024-09-17,WDC,Camino AMINO_1,49.8034782409668,50.234317779541016,0.8650792149288551,0.43253960746442754,WIN,5,49.30544345855713,48.80740867614746
2024-09-19,WDC,Camino AMINO_1,49.86394500732422,53.25774765014648,6.8061254325620855,3.4030627162810427,WIN,5,49.36530555725098,48.866666107177736
2024-09-20,WDC,Camino AMINO_1,50.45351409912109,52.471656799316406,4.000004234056848,2.000002117028424,WIN,5,49.94897895812988,49.44444381713866
2024-09-24,WDC,Camino AMINO_1,50.234317779541016,50.46107482910156,0.4513986843728939,0.22569934218644694,WIN,5,49.731974601745605,49.229631423950195
2024-09-26,WDC,Camino AMINO_3,53.25774765014648,50.32501983642578,-5.506668875645996,2.753334437822998,LOSS,5,52.72517017364501,52.192592697143546
2024-10-11,WDC,Camino AMINO_2,49.04005813598633,50.66515350341797,3.3138120736425503,1.6569060368212751,WIN,5,48.549657554626464,48.0592569732666
2024-10-15,WDC,Camino AMINO_1,50.60468673706055,51.2169303894043,1.2098556316037243,0.6049278158018622,WIN,5,50.09863986968994,49.59259300231933
2024-10-21,WDC,Camino AMINO_1,50.8390007019043,52.69085311889648,3.642582252650025,1.8212911263250124,WIN,5,50.33061069488525,49.82222068786621
2024-10-22,WDC,Camino AMINO_1,51.2169303894043,51.62509536743164,0.7969336993139762,0.3984668496569881,WIN,5,50.704761085510256,50.19259178161621
2024-10-25,WDC,Camino AMINO_1,52.49433135986328,49.79591751098633,-5.1403909316961744,2.5701954658480872,LOSS,5,51.96938804626465,51.444444732666014
2024-10-28,WDC,Camino AMINO_1,52.69085311889648,49.29705047607422,-6.440971140027241,3.2204855700136203,LOSS,5,52.16394458770751,51.637036056518546
2024-11-01,WDC,Camino AMINO_2,49.79591751098633,52.61526870727539,5.661811925981758,2.830905962990879,WIN,5,49.297958335876466,48.7999991607666
2024-11-06,WDC,Camino AMINO_1,52.84202575683594,47.41496658325195,-10.270346558169017,5.135173279084508,LOSS,5,52.31360549926758,51.78518524169922
2024-11-22,WDC,Camino AMINO_1,50.21163940429688,55.50264739990234,10.537413353511594,5.268706676755797,WIN,5,49.70952301025391,49.207406616210946
2024-11-25,WDC,Camino AMINO_1,52.47921371459961,54.18745422363281,3.2550802272366632,1.6275401136183316,WIN,5,51.954421577453616,51.429629440307615
2024-11-26,WDC,Camino AMINO_1,55.19274520874024,54.67876052856445,-0.9312540592642736,0.4656270296321368,LOSS,5,54.64081775665284,54.08889030456544
2024-12-02,WDC,Camino AMINO_1,55.50264739990234,53.46938705444336,-3.663357408537889,1.8316787042689444,LOSS,5,54.947620925903315,54.39259445190429
2024-02-06,SUZ,Camino AMINO_1,10.789999961853027,10.630000114440918,-1.4828530859849207,0.7414265429924604,LOSS,5,10.682099962234497,10.574199962615966
2024-02-07,SUZ,Camino AMINO_1,10.8100004196167,10.489999771118164,-2.9602279008041124,1.4801139504020562,LOSS,5,10.701900415420532,10.593800411224365
2024-02-16,SUZ,Camino AMINO_1,10.699999809265137,11.220000267028809,4.859817448906897,2.4299087244534485,WIN,5,10.592999811172485,10.485999813079834
2024-02-20,SUZ,Camino AMINO_1,10.920000076293944,11.529999732971191,5.586077403071496,2.793038701535748,WIN,5,10.810800075531004,10.701600074768065
2024-02-21,SUZ,Camino AMINO_1,11.18000030517578,11.550000190734863,3.309480102498661,1.6547400512493304,WIN,5,11.068200302124021,10.956400299072264
2024-02-27,SUZ,Camino AMINO_1,11.529999732971191,11.829999923706056,2.6019097804224804,1.3009548902112402,WIN,5,11.414699735641479,11.299399738311767
2024-02-28,SUZ,Camino AMINO_1,11.550000190734863,11.800000190734863,2.1645021287579205,1.0822510643789602,WIN,5,11.434500188827515,11.319000186920166
2024-03-01,SUZ,Camino AMINO_1,11.609999656677246,11.890000343322754,2.4117200251980315,1.2058600125990158,WIN,5,11.493899660110474,11.377799663543701
2024-06-27,SUZ,Camino AMINO_3,10.40999984741211,10.020000457763672,-3.7463918863110255,1.8731959431555127,LOSS,5,10.305899848937988,10.201799850463868
2024-07-30,SUZ,Camino AMINO_2,9.520000457763672,9.1899995803833,-3.4663956041225976,1.7331978020612988,LOSS,5,9.424800453186036,9.329600448608398
2024-07-31,SUZ,Camino AMINO_2,9.539999961853027,9.270000457763672,-2.8301834923373668,1.4150917461686834,LOSS,5,9.444599962234497,9.349199962615966
2024-08-08,SUZ,Camino AMINO_1,9.630000114440918,9.850000381469728,2.28453026390832,1.14226513195416,WIN,5,9.53370011329651,9.4374001121521
2024-08-09,SUZ,Camino AMINO_1,9.960000038146973,9.979999542236328,0.2007982330598094,0.1003991165299047,WIN,5,9.860400037765503,9.760800037384033
2024-08-14,SUZ,Camino AMINO_1,10.029999732971191,10.350000381469728,3.1904352643860068,1.5952176321930034,WIN,5,9.92969973564148,9.829399738311768
2024-08-20,SUZ,Camino AMINO_1,10.239999771118164,10.109999656677246,-1.26953239596335,0.634766197981675,LOSS,5,10.137599773406983,10.035199775695801
2024-09-04,SUZ,Camino AMINO_2,9.81999969482422,9.789999961853027,-0.3054962719296542,0.1527481359648271,LOSS,5,9.721799697875978,9.623599700927736
2024-09-11,SUZ,Camino AMINO_2,9.789999961853027,9.649999618530272,-1.4300341559578005,0.7150170779789002,LOSS,5,9.692099962234497,9.594199962615967
2024-09-13,SUZ,Camino AMINO_2,9.770000457763672,9.4399995803833,-3.3776956184084708,1.6888478092042354,LOSS,5,9.672300453186034,9.574600448608399
2024-09-26,SUZ,Camino AMINO_1,9.960000038146973,10.020000457763672,0.6024138492660298,0.3012069246330149,WIN,5,9.860400037765503,9.760800037384033
2024-10-14,SUZ,Camino AMINO_1,9.869999885559082,9.899999618530272,0.3039486658463328,0.1519743329231664,WIN,5,9.771299886703492,9.6725998878479
2024-10-22,SUZ,Camino AMINO_1,10.149999618530272,10.34000015258789,1.8719265142704449,0.9359632571352224,WIN,5,10.048499622344968,9.946999626159666
2024-10-25,SUZ,Camino AMINO_1,10.40999984741211,10.220000267028809,-1.8251641034416923,0.9125820517208462,LOSS,5,10.305899848937988,10.201799850463868
2024-11-14,SUZ,Camino AMINO_1,10.489999771118164,10.5600004196167,0.6673083891885877,0.33365419459429385,WIN,5,10.385099773406983,10.2801997756958
2024-12-03,SUZ,Camino AMINO_1,10.520000457763672,10.699999809265137,1.711020377082083,0.8555101885410415,WIN,5,10.414800453186036,10.309600448608398
2024-12-04,SUZ,Camino AMINO_1,10.800000190734863,10.6899995803833,-1.018524151934091,0.5092620759670455,LOSS,5,10.692000188827514,10.584000186920166
2024-02-06,LITE,Camino AMINO_3,58.84000015258789,47.59000015258789,-19.11964644939792,9.55982322469896,LOSS,5,58.251600151062014,57.66320014953613
2024-05-03,LITE,Camino AMINO_1,44.7400016784668,43.790000915527344,-2.123381151763982,1.061690575881991,LOSS,5,44.29260166168213,43.84520164489746
2024-06-12,LITE,Camino AMINO_1,46.90999984741211,47.90999984741211,2.131741639848177,1.0658708199240885,WIN,5,46.44089984893799,45.97179985046387
2024-06-17,LITE,Camino AMINO_1,50.0,49.18999862670898,-1.6200027465820312,0.8100013732910156,LOSS,5,49.5,49.0
2024-06-21,LITE,Camino AMINO_1,48.65999984741211,50.91999816894531,4.644468410645499,2.3222342053227494,WIN,5,48.17339984893799,47.68679985046386
2024-06-28,LITE,Camino AMINO_1,50.91999816894531,56.18999862670898,10.349569220875775,5.174784610437888,WIN,5,50.41079818725586,49.90159820556641
2024-07-01,LITE,Camino AMINO_1,51.43000030517578,55.84000015258789,8.574761464600456,4.287380732300228,WIN,5,50.91570030212402,50.401400299072264
2024-07-02,LITE,Camino AMINO_3,53.93999862670898,56.2599983215332,4.301074812551896,2.150537406275948,WIN,5,53.400598640441885,52.8611986541748
2024-07-08,LITE,Camino AMINO_3,56.18999862670898,57.970001220703125,3.1678281500224954,1.5839140750112477,WIN,5,55.628098640441884,55.0661986541748
2024-07-26,LITE,Camino AMINO_2,51.83000183105469,44.33000183105469,-14.470383436309794,7.235191718154897,LOSS,5,51.31170181274414,50.79340179443359
2024-07-31,LITE,Camino AMINO_2,51.77999877929688,40.27999877929688,-22.20934776189688,11.10467388094844,LOSS,5,51.26219879150391,50.74439880371094
2024-08-15,LITE,Camino AMINO_1,52.2599983215332,55.59000015258789,6.3719899311259525,3.1859949655629762,WIN,5,51.737398338317874,51.21479835510254
2024-08-20,LITE,Camino AMINO_1,56.09000015258789,57.47999954223633,2.4781590049332625,1.2390795024666312,WIN,5,55.52910015106201,54.96820014953613
2024-09-11,LITE,Camino AMINO_2,53.95000076293945,58.27999877929688,8.025946163344415,4.012973081672207,WIN,5,53.41050075531006,52.87100074768066
2024-09-12,LITE,Camino AMINO_2,54.25,61.13999938964844,12.700459704421082,6.350229852210541,WIN,5,53.707499999999996,53.165
2024-09-16,LITE,Camino AMINO_1,56.59000015258789,61.22999954223633,8.199327402610455,4.099663701305228,WIN,5,56.02410015106201,55.45820014953613
2024-09-17,LITE,Camino AMINO_1,58.369998931884766,60.790000915527344,4.145968867442699,2.0729844337213494,WIN,5,57.78629894256592,57.20259895324707
2024-09-19,LITE,Camino AMINO_1,61.13999938964844,64.73999786376953,5.888123176413716,2.944061588206858,WIN,5,60.528599395751954,59.91719940185547
2024-09-20,LITE,Camino AMINO_1,61.34999847412109,64.52999877929688,5.183374709482971,2.5916873547414854,WIN,5,60.736498489379876,60.122998504638666
2024-09-25,LITE,Camino AMINO_1,60.95000076293945,65.0,6.644789477218748,3.322394738609374,WIN,5,60.34050075531006,59.73100074768066
2024-10-17,LITE,Camino AMINO_1,69.62000274658203,64.63999938964844,-7.153121460021898,3.576560730010949,LOSS,5,68.92380271911621,68.22760269165039
2024-10-28,LITE,Camino AMINO_2,64.95999908447266,64.16999816894531,-1.216134431436864,0.608067215718432,LOSS,5,64.31039909362794,63.6607991027832
2024-10-29,LITE,Camino AMINO_2,65.76000213623047,66.18000030517578,0.6386833261885108,0.3193416630942554,WIN,5,65.10240211486817,64.44480209350586
2024-11-01,LITE,Camino AMINO_2,65.3499984741211,83.8499984741211,28.30910548119765,14.154552740598826,WIN,5,64.69649848937988,64.04299850463867
2024-11-05,LITE,Camino AMINO_2,66.18000030517578,86.6500015258789,30.93079650394353,15.465398251971765,WIN,5,65.51820030212403,64.85640029907226
2024-11-06,LITE,Camino AMINO_1,71.97000122070312,88.05999755859375,22.356531978579604,11.178265989289802,WIN,5,71.2503012084961,70.53060119628906
2024-11-07,LITE,Camino AMINO_1,73.63999938964844,85.12999725341797,15.602930416896063,7.801465208448032,WIN,5,72.90359939575195,72.16719940185547
2024-12-04,LITE,Camino AMINO_1,94.9000015258789,88.19999694824219,-7.0600679345717925,3.5300339672858962,LOSS,5,93.95100151062012,93.00200149536133
2024-12-12,LITE,Camino AMINO_1,90.75,83.55999755859375,-7.922867704028926,3.961433852014463,LOSS,5,89.8425,88.935
2024-05-14,RKLB,Camino AMINO_3,4.559999942779541,4.460000038146973,-2.1929803922675832,1.0964901961337916,LOSS,5,4.514399943351745,4.46879994392395
2024-06-10,RKLB,Camino AMINO_1,4.559999942779541,4.340000152587891,-4.824556862988684,2.412278431494342,LOSS,5,4.514399943351745,4.46879994392395
2024-06-11,RKLB,Camino AMINO_1,4.570000171661377,4.909999847412109,7.439817570666064,3.719908785333032,WIN,5,4.524300169944763,4.47860016822815
2024-06-12,RKLB,Camino AMINO_1,4.639999866485596,4.800000190734863,3.448282949422888,1.724141474711444,WIN,5,4.59359986782074,4.547199869155884
2024-06-18,RKLB,Camino AMINO_3,4.909999847412109,4.760000228881836,-3.0549821423993127,1.5274910711996563,LOSS,5,4.860899848937988,4.811799850463867
2024-06-21,RKLB,Camino AMINO_1,5.010000228881836,4.800000190734863,-4.191617336389659,2.0958086681948296,LOSS,5,4.959900226593017,4.909800224304199
2024-07-03,RKLB,Camino AMINO_2,4.619999885559082,5.329999923706055,15.36796657433365,7.683983287166825,WIN,5,4.573799886703491,4.5275998878479005
2024-07-12,RKLB,Camino AMINO_1,5.650000095367432,5.199999809265137,-7.964606699232815,3.9823033496164073,LOSS,5,5.593500094413757,5.537000093460083
2024-08-09,RKLB,Camino AMINO_1,5.369999885559082,6.559999942779541,22.1601505136078,11.0800752568039,WIN,5,5.316299886703491,5.2625998878479
2024-08-15,RKLB,Camino AMINO_1,5.829999923706055,6.840000152587891,17.324189401357522,8.662094700678761,WIN,5,5.771699924468994,5.713399925231934
2024-08-16,RKLB,Camino AMINO_1,6.559999942779541,6.960000038146973,6.097562482568367,3.0487812412841837,WIN,5,6.494399943351746,6.42879994392395
2024-08-19,RKLB,Camino AMINO_3,7.190000057220459,6.739999771118164,-6.258696558011684,3.129348279005842,LOSS,5,7.118100056648254,7.046200056076049
2024-09-09,RKLB,Camino AMINO_2,6.139999866485596,7.369999885559082,20.032574036154045,10.016287018077023,WIN,5,6.078599867820739,6.017199869155884
2024-09-10,RKLB,Camino AMINO_2,6.150000095367432,7.170000076293945,16.585365286332955,8.292682643166478,WIN,5,6.0885000944137575,6.0270000934600825
2024-09-20,RKLB,Camino AMINO_1,7.46999979019165,9.779999732971191,30.92369488166044,15.46184744083022,WIN,5,7.395299792289734,7.320599794387817
2024-10-15,RKLB,Camino AMINO_1,9.9399995803833,11.15999984741211,12.273645055644597,6.136822527822298,WIN,5,9.840599584579468,9.741199588775634
2024-10-24,RKLB,Camino AMINO_1,11.1899995803833,10.699999809265137,-4.378907859631749,2.1894539298158744,LOSS,5,11.078099584579467,10.966199588775634
2024-11-14,RKLB,Camino AMINO_3,17.360000610351562,22.40999984741211,29.089856333583835,14.544928166791918,WIN,5,17.186400604248046,17.01280059814453
2024-02-09,LRCX,Camino AMINO_1,91.15799713134766,92.60299682617188,1.5851595474856133,0.7925797737428066,WIN,5,90.24641716003418,89.3348371887207
2024-02-29,LRCX,Camino AMINO_1,93.8249969482422,99.45700073242188,6.0026687635135625,3.0013343817567812,WIN,5,92.88674697875977,91.94849700927736
2024-03-01,LRCX,Camino AMINO_1,98.15299987792967,95.66500091552734,-2.534817036154374,1.267408518077187,LOSS,5,97.17146987915038,96.18993988037107
2024-03-06,LRCX,Camino AMINO_1,98.18599700927734,92.6709976196289,-5.616889941166804,2.808444970583402,LOSS,5,97.20413703918457,96.22227706909179
2024-03-07,LRCX,Camino AMINO_1,99.45700073242188,92.56800079345705,-6.926611388070048,3.463305694035024,LOSS,5,98.46243072509766,97.46786071777343
2024-03-12,LRCX,Camino AMINO_1,95.08300018310548,93.1050033569336,-2.080284406637107,1.0401422033185534,LOSS,5,94.13217018127443,93.18134017944337
2024-03-18,LRCX,Camino AMINO_2,92.52799987792967,97.14600372314452,4.990925829270364,2.495462914635182,WIN,5,91.60271987915037,90.67743988037108
2024-03-21,LRCX,Camino AMINO_1,98.25700378417967,97.15699768066406,-1.119519282240455,0.5597596411202275,LOSS,5,97.27443374633788,96.29186370849608
2024-04-16,LRCX,Camino AMINO_2,96.322998046875,88.74199676513672,-7.870395892421282,3.935197946210641,LOSS,5,95.35976806640625,94.3965380859375
2024-05-21,LRCX,Camino AMINO_3,96.4000015258789,95.3239974975586,-1.1161867337019238,0.5580933668509619,LOSS,5,95.43600151062012,94.47200149536133
2024-05-22,LRCX,Camino AMINO_1,96.5770034790039,95.06999969482422,-1.560416796848863,0.7802083984244315,LOSS,5,95.61123344421387,94.64546340942383
2024-05-28,LRCX,Camino AMINO_1,97.1259994506836,92.27300262451172,-4.996599112100791,2.4982995560503953,LOSS,5,96.15473945617676,95.18347946166992
2024-06-05,LRCX,Camino AMINO_1,97.1719970703125,103.76300048828124,6.782821817688463,3.3914109088442315,WIN,5,96.20027709960938,95.22855712890625
2024-06-10,LRCX,Camino AMINO_1,100.30699920654295,107.16999816894533,6.841994094819532,3.420997047409766,WIN,5,99.30392921447752,98.3008592224121
2024-06-12,LRCX,Camino AMINO_1,103.76300048828124,106.13099670410156,2.282120028022656,1.141060014011328,WIN,5,102.72537048339842,101.68774047851561
2024-06-13,LRCX,Camino AMINO_1,103.8499984741211,105.03500366210938,1.141073861723338,0.570536930861669,WIN,5,102.81149848937989,101.77299850463866
2024-07-12,LRCX,Camino AMINO_1,106.98200225830078,91.71099853515624,-14.274367090525873,7.137183545262936,LOSS,5,105.91218223571778,104.84236221313476
2024-10-02,LRCX,Camino AMINO_1,81.40899658203125,82.86000061035156,1.782363239004202,0.891181619502101,WIN,5,80.59490661621093,79.78081665039062
2024-11-06,LRCX,Camino AMINO_1,76.77999877929688,73.8499984741211,-3.816098400311297,1.9080492001556486,LOSS,5,76.0121987915039,75.24439880371094
2024-12-02,LRCX,Camino AMINO_1,78.51000213623047,77.44999694824219,-1.3501530494789205,0.6750765247394602,LOSS,5,77.72490211486816,76.93980209350586
2024-12-11,LRCX,Camino AMINO_1,78.2300033569336,75.19999694824219,-3.873202452602035,1.9366012263010175,LOSS,5,77.44770332336425,76.66540328979492
2024-02-08,RIVN,Camino AMINO_1,16.110000610351562,16.350000381469727,1.4897564371533978,0.7448782185766989,WIN,5,15.948900604248047,15.78780059814453
2024-02-09,RIVN,Camino AMINO_1,16.68000030517578,16.299999237060547,-2.2781838199206783,1.1390919099603392,LOSS,5,16.513200302124023,16.346400299072265
2024-02-15,RIVN,Camino AMINO_1,16.350000381469727,10.06999969482422,-38.40978923623113,19.204894618115564,LOSS,5,16.18650037765503,16.023000373840333
2024-05-02,RIVN,Camino AMINO_1,9.829999923706056,10.220000267028809,3.967450115459594,1.983725057729797,WIN,5,9.731699924468996,9.633399925231934
2024-05-08,RIVN,Camino AMINO_1,10.270000457763672,10.199999809265137,-0.6816031682415138,0.3408015841207569,LOSS,5,10.167300453186035,10.064600448608399
2024-05-13,RIVN,Camino AMINO_3,10.899999618530272,10.279999732971191,-5.688072543645475,2.8440362718227377,LOSS,5,10.79099962234497,10.681999626159666
2024-05-30,RIVN,Camino AMINO_1,10.970000267028809,11.739999771118164,7.019138426127928,3.509569213063964,WIN,5,10.86030026435852,10.750600261688232
2024-06-24,RIVN,Camino AMINO_2,11.010000228881836,13.920000076293944,26.43051577581707,13.215257887908535,WIN,5,10.899900226593017,10.7898002243042
2024-06-25,RIVN,Camino AMINO_1,11.960000038146973,14.890000343322754,24.498330232695736,12.249165116347868,WIN,5,11.840400037765503,11.720800037384032
2024-06-26,RIVN,Camino AMINO_3,14.739999771118164,14.649999618530272,-0.6105844910814627,0.30529224554073137,LOSS,5,14.592599773406983,14.4451997756958
2024-06-27,RIVN,Camino AMINO_3,14.470000267028809,14.789999961853027,2.211469861222924,1.105734930611462,WIN,5,14.325300264358521,14.180600261688232
2024-07-01,RIVN,Camino AMINO_1,13.920000076293944,15.710000038146973,12.859195057774714,6.429597528887357,WIN,5,13.780800075531005,13.641600074768064
2024-07-02,RIVN,Camino AMINO_1,14.890000343322754,16.3700008392334,9.93955985081178,4.96977992540589,WIN,5,14.741100339889526,14.5922003364563
2024-07-31,RIVN,Camino AMINO_2,16.40999984741211,13.78499984741211,-15.996343841611724,7.998171920805862,LOSS,5,16.245899848937988,16.081799850463867
2024-08-08,RIVN,Camino AMINO_2,14.720000267028809,13.760000228881836,-6.521739271277513,3.2608696356387563,LOSS,5,14.57280026435852,14.425600261688231
2024-09-11,RIVN,Camino AMINO_1,13.93000030517578,12.899999618530272,-7.394118191532303,3.6970590957661513,LOSS,5,13.790700302124021,13.651400299072264
2024-10-28,RIVN,Camino AMINO_1,10.859999656677246,10.289999961853027,-5.248616140367516,2.624308070183758,LOSS,5,10.751399660110474,10.6427996635437
2024-11-08,RIVN,Camino AMINO_1,10.59000015258789,10.0600004196167,-5.004718841686463,2.5023594208432316,LOSS,5,10.484100151062012,10.378200149536132
2024-11-11,RIVN,Camino AMINO_1,11.039999961853027,10.06999969482422,-8.78623433315662,4.39311716657831,LOSS,5,10.929599962234496,10.819199962615967
2024-11-13,RIVN,Camino AMINO_1,12.029999732971191,10.050000190734863,-16.458849427981693,8.229424713990847,LOSS,5,11.90969973564148,11.789399738311767
2024-11-25,RIVN,Camino AMINO_1,11.600000381469728,11.880000114440918,2.413790722097505,1.2068953610487525,WIN,5,11.48400037765503,11.368000373840333
2024-02-01,SBUX,Camino AMINO_1,93.37000274658205,96.58999633789062,3.448638209905662,1.724319104952831,WIN,5,92.43630271911623,91.50260269165041
2024-02-06,SBUX,Camino AMINO_1,95.66999816894533,93.87000274658205,-1.8814627958752943,0.9407313979376472,LOSS,5,94.71329818725587,93.75659820556642
2024-04-29,SBUX,Camino AMINO_1,88.33000183105469,72.9000015258789,-17.46858370351688,8.73429185175844,LOSS,5,87.44670181274414,86.56340179443359
2024-04-30,SBUX,Camino AMINO_1,88.48999786376953,72.5,-18.06983642194924,9.03491821097462,LOSS,5,87.60509788513184,86.72019790649414
2024-06-13,SBUX,Camino AMINO_1,80.23999786376953,79.91000366210938,-0.4112589860986989,0.20562949304934944,LOSS,5,79.43759788513184,78.63519790649414
2024-07-19,SBUX,Camino AMINO_1,79.2699966430664,74.05000305175781,-6.585081130775065,3.2925405653875326,LOSS,5,78.47729667663575,77.68459671020507
2024-07-30,SBUX,Camino AMINO_1,75.94000244140625,75.37000274658203,-0.7505921470887742,0.3752960735443871,LOSS,5,75.18060241699219,74.42120239257812
2024-07-31,SBUX,Camino AMINO_1,77.94999694824219,75.29000091552734,-3.4124389183505,1.70621945917525,LOSS,5,77.17049697875977,76.39099700927734
2024-08-02,SBUX,Camino AMINO_1,75.87999725341797,75.08999633789062,-1.0411187982637395,0.5205593991318698,LOSS,5,75.12119728088379,74.36239730834961
2024-08-14,SBUX,Camino AMINO_3,93.9000015258789,92.77999877929688,-1.1927611590861984,0.5963805795430992,LOSS,5,92.96100151062012,92.02200149536132
2024-09-09,SBUX,Camino AMINO_2,92.20999908447266,96.30999755859376,4.446370800161408,2.223185400080704,WIN,5,91.28789909362793,90.3657991027832
2024-09-11,SBUX,Camino AMINO_1,98.1999969482422,96.12000274658205,-2.1181204341141164,1.0590602170570582,LOSS,5,97.21799697875979,96.23599700927736
2024-09-12,SBUX,Camino AMINO_1,99.27999877929688,96.9000015258789,-2.397257536947388,1.198628768473694,LOSS,5,98.28719879150391,97.29439880371093
2024-10-15,SBUX,Camino AMINO_2,95.04000091552734,96.81999969482422,1.87289432044404,0.93644716022202,WIN,5,94.08960090637207,93.1392008972168
2024-10-16,SBUX,Camino AMINO_2,95.45999908447266,97.6500015258789,2.294157199256114,1.147078599628057,WIN,5,94.50539909362793,93.5507991027832
2024-10-22,SBUX,Camino AMINO_1,96.81999969482422,97.38999938964844,0.5887210252229422,0.2943605126114711,WIN,5,95.85179969787598,94.88359970092773
2024-10-23,SBUX,Camino AMINO_1,97.6500015258789,97.31999969482422,-0.3379434981035115,0.16897174905175574,LOSS,5,96.67350151062011,95.69700149536132
2024-10-25,SBUX,Camino AMINO_1,97.30999755859376,98.87000274658205,1.6031294082079774,0.8015647041039887,WIN,5,96.33689758300783,95.36379760742189
2024-10-31,SBUX,Camino AMINO_1,97.6999969482422,96.12000274658205,-1.6171896120909586,0.8085948060454793,LOSS,5,96.72299697875978,95.74599700927736
2024-11-07,SBUX,Camino AMINO_2,96.12000274658205,99.2300033569336,3.235539452231395,1.6177697261156976,WIN,5,95.15880271911622,94.1976026916504
2024-11-11,SBUX,Camino AMINO_1,100.30999755859376,100.4000015258789,0.089725819435478,0.044862909717739,WIN,5,99.30689758300782,98.30379760742188
2024-11-13,SBUX,Camino AMINO_1,99.8000030517578,98.26000213623048,-1.5430870425211063,0.7715435212605531,LOSS,5,98.80200302124022,97.80400299072264
2024-02-26,STX,Camino AMINO_1,88.66000366210938,98.37999725341795,10.96322263684118,5.48161131842059,WIN,5,87.77340362548829,86.88680358886718
2024-02-27,STX,Camino AMINO_1,90.6999969482422,98.62999725341795,8.74310978169164,4.37155489084582,WIN,5,89.79299697875977,88.88599700927736
2024-02-29,STX,Camino AMINO_1,93.0500030517578,93.80999755859376,0.8167592497693964,0.4083796248846982,WIN,5,92.11950302124022,91.18900299072264
2024-03-01,STX,Camino AMINO_1,97.16000366210938,92.69000244140624,-4.600659790265471,2.3003298951327356,LOSS,5,96.18840362548828,95.21680358886718
2024-03-04,STX,Camino AMINO_3,98.37999725341795,91.73999786376952,-6.749338864631597,3.3746694323157986,LOSS,5,97.39619728088377,96.4123973083496
2024-03-26,STX,Camino AMINO_1,94.72000122070312,91.62999725341795,-3.262250768013893,1.6311253840069464,LOSS,5,93.77280120849609,92.82560119628906
2024-05-28,STX,Camino AMINO_1,96.83999633789062,91.8499984741211,-5.152827398256616,2.576413699128308,LOSS,5,95.87159637451171,94.90319641113281
2024-06-04,STX,Camino AMINO_2,91.8499984741211,101.63999938964844,10.65868380856391,5.329341904281955,WIN,5,90.93149848937988,90.01299850463867
2024-06-11,STX,Camino AMINO_1,101.63999938964844,105.98999786376952,4.279809622435044,2.139904811217522,WIN,5,100.62359939575195,99.60719940185547
2024-06-12,STX,Camino AMINO_1,102.8499984741211,102.62000274658205,-0.2236224899866513,0.11181124499332565,LOSS,5,101.82149848937988,100.79299850463867
2024-07-05,STX,Camino AMINO_2,102.04000091552734,107.0999984741211,4.958837233628223,2.4794186168141117,WIN,5,101.01960090637206,99.9992008972168
2024-07-10,STX,Camino AMINO_1,106.7300033569336,104.91000366210938,-1.705237175658708,0.852618587829354,LOSS,5,105.66270332336425,104.59540328979492
2024-07-12,STX,Camino AMINO_1,107.0999984741211,102.62999725341795,-4.173670667029211,2.0868353335146055,LOSS,5,106.02899848937989,104.95799850463867
2024-07-15,STX,Camino AMINO_1,108.94000244140624,106.18000030517578,-2.5335065856226184,1.2667532928113092,LOSS,5,107.85060241699217,106.76120239257811
2024-07-22,STX,Camino AMINO_1,106.18000030517578,103.37999725341795,-2.637034322575082,1.318517161287541,LOSS,5,105.11820030212402,104.05640029907227
2024-07-24,STX,Camino AMINO_1,109.52999877929688,102.16999816894533,-6.719620827515917,3.3598104137579585,LOSS,5,108.4346987915039,107.33939880371094
2024-07-31,STX,Camino AMINO_2,102.16999816894533,92.0999984741211,-9.856122027302732,4.928061013651366,LOSS,5,101.14829818725588,100.12659820556642
2024-09-04,STX,Camino AMINO_1,100.7300033569336,102.52999877929688,1.7869506228298773,0.8934753114149386,WIN,5,99.72270332336426,98.71540328979492
2024-09-20,STX,Camino AMINO_1,104.73999786376952,108.73999786376952,3.818980410141516,1.909490205070758,WIN,5,103.69259788513182,102.64519790649412
2024-10-09,STX,Camino AMINO_1,109.29000091552734,111.7300033569336,2.232594401103704,1.116297200551852,WIN,5,108.19710090637207,107.1042008972168
2024-10-15,STX,Camino AMINO_1,111.79000091552734,112.63999938964844,0.7603528644421285,0.38017643222106423,WIN,5,110.67210090637207,109.5542008972168
2024-10-21,STX,Camino AMINO_1,112.41000366210938,101.31999969482422,-9.865673521922783,4.932836760961392,LOSS,5,111.28590362548827,110.16180358886719
2024-10-22,STX,Camino AMINO_1,112.63999938964844,101.33000183105467,-10.040835955147504,5.020417977573752,LOSS,5,111.51359939575195,110.38719940185547
2024-11-07,STX,Camino AMINO_2,105.11000061035156,97.45999908447266,-7.278091029832521,3.6390455149162606,LOSS,5,104.05890060424805,103.00780059814453
2024-12-02,STX,Camino AMINO_1,103.16000366210938,98.97000122070312,-4.061654025459516,2.030827012729758,LOSS,5,102.12840362548827,101.09680358886719
2024-05-08,RDDT,Camino AMINO_3,51.400001525878906,59.630001068115234,16.01167178583192,8.00583589291596,WIN,5,50.88600151062012,50.372001495361324
2024-06-03,RDDT,Camino AMINO_2,55.79999923706055,59.630001068115234,6.863802658461193,3.4319013292305964,WIN,5,55.24199924468994,54.68399925231933
2024-06-12,RDDT,Camino AMINO_1,65.93000030517578,57.41999816894531,-12.907632484209769,6.453816242104884,LOSS,5,65.27070030212403,64.61140029907226
2024-06-25,RDDT,Camino AMINO_1,61.380001068115234,73.51000213623047,19.762138900346724,9.881069450173362,WIN,5,60.76620105743408,60.15240104675293
2024-06-26,RDDT,Camino AMINO_1,63.61000061035156,73.62000274658203,15.736522622515889,7.868261311257944,WIN,5,62.973900604248044,62.33780059814453
2024-07-01,RDDT,Camino AMINO_1,66.58999633789062,70.58999633789062,6.006908274484984,3.003454137242492,WIN,5,65.92409637451172,65.25819641113281
2024-07-02,RDDT,Camino AMINO_1,73.51000213623047,69.4000015258789,-5.591076711893998,2.795538355946999,LOSS,5,72.77490211486817,72.03980209350586
2024-07-22,RDDT,Camino AMINO_1,68.12999725341797,59.97999954223633,-11.962421898927596,5.981210949463798,LOSS,5,67.44869728088379,66.76739730834962
2024-08-23,RDDT,Camino AMINO_1,59.209999084472656,60.02999877929688,1.3849007051230593,0.6924503525615296,WIN,5,58.617899093627926,58.0257991027832
2024-08-29,RDDT,Camino AMINO_1,58.75,56.84999847412109,-3.2340451504321805,1.6170225752160903,LOSS,5,58.1625,57.574999999999996
2024-09-09,RDDT,Camino AMINO_1,57.459999084472656,59.150001525878906,2.941180766330602,1.470590383165301,WIN,5,56.88539909362793,56.3107991027832
2024-09-17,RDDT,Camino AMINO_1,61.88999938964844,66.95999908447266,8.191953053520654,4.095976526760327,WIN,5,61.27109939575195,60.65219940185547
2024-09-18,RDDT,Camino AMINO_1,63.65999984741211,67.87999725341797,6.628962325040612,3.314481162520306,WIN,5,63.023399848937984,62.386799850463866
2024-09-19,RDDT,Camino AMINO_1,64.55999755859375,66.5199966430664,3.035934260520671,1.5179671302603355,WIN,5,63.91439758300781,63.268797607421874
2024-09-20,RDDT,Camino AMINO_1,66.16999816894531,67.08000183105469,1.3752511520190052,0.6876255760095026,WIN,5,65.50829818725586,64.84659820556641
2024-10-09,RDDT,Camino AMINO_1,71.0,77.26000213623047,8.816904417226013,4.4084522086130065,WIN,5,70.29,69.58
2024-10-15,RDDT,Camino AMINO_1,75.16999816894531,77.29000091552734,2.8202777680229607,1.4101388840114804,WIN,5,74.41829818725586,73.6665982055664
2024-12-04,RDDT,Camino AMINO_1,154.22999572753906,165.9199981689453,7.579590718564029,3.7897953592820146,WIN,5,152.68769577026367,151.14539581298828
2024-12-09,RDDT,Camino AMINO_3,167.1699981689453,178.10000610351562,6.538259289519301,3.2691296447596505,WIN,5,165.49829818725587,163.8265982055664
2024-02-02,PLTR,Camino AMINO_1,17.020000457763672,24.3799991607666,43.24323445975977,21.621617229879885,WIN,5,16.849800453186035,16.679600448608397
2024-02-06,PLTR,Camino AMINO_3,21.8700008392334,24.01000022888184,9.785090569404158,4.892545284702079,WIN,5,21.651300830841063,21.43260082244873
2024-02-07,PLTR,Camino AMINO_3,23.600000381469727,25.190000534057617,6.737288673250736,3.368644336625368,WIN,5,23.364000377655028,23.128000373840333
2024-02-09,PLTR,Camino AMINO_3,24.3799991607666,24.440000534057617,0.246109004743415,0.1230545023717075,WIN,5,24.136199169158935,23.89239917755127
2024-03-06,PLTR,Camino AMINO_1,26.15999984741211,25.0,-4.434250207103357,2.2171251035516786,LOSS,5,25.898399848937988,25.636799850463866
2024-03-07,PLTR,Camino AMINO_1,26.459999084472656,24.43000030517578,-7.67195332402005,3.835976662010025,LOSS,5,26.19539909362793,25.9307991027832
2024-03-18,PLTR,Camino AMINO_2,24.0,24.51000022888184,2.1250009536743164,1.0625004768371582,WIN,5,23.759999999999998,23.52
2024-04-05,PLTR,Camino AMINO_2,22.959999084472656,22.670000076293945,-1.2630619326759072,0.6315309663379536,LOSS,5,22.73039909362793,22.5007991027832
2024-05-03,PLTR,Camino AMINO_1,23.32999992370605,20.600000381469727,-11.701669743523334,5.850834871761667,LOSS,5,23.09669992446899,22.86339992523193
2024-05-06,PLTR,Camino AMINO_3,25.209999084472656,20.940000534057617,-16.937717990815067,8.468858995407533,LOSS,5,24.95789909362793,24.705799102783203
2024-06-05,PLTR,Camino AMINO_1,22.959999084472656,23.770000457763672,3.527880686366411,1.7639403431832055,WIN,5,22.73039909362793,22.5007991027832
2024-06-06,PLTR,Camino AMINO_3,23.790000915527344,23.270000457763672,-2.1857941897945707,1.0928970948972854,LOSS,5,23.552100906372072,23.314200897216796
2024-06-17,PLTR,Camino AMINO_3,25.020000457763672,24.559999465942383,-1.8385331071349016,0.9192665535674508,LOSS,5,24.769800453186036,24.519600448608397
2024-07-08,PLTR,Camino AMINO_3,27.700000762939453,28.670000076293945,3.5018024788370377,1.7509012394185188,WIN,5,27.42300075531006,27.146000747680663
2024-07-10,PLTR,Camino AMINO_1,28.420000076293945,28.21999931335449,-0.7037324503960165,0.35186622519800825,LOSS,5,28.135800075531005,27.851600074768065
2024-07-25,PLTR,Camino AMINO_2,26.6299991607666,26.07999992370605,-2.065337042409107,1.0326685212045534,LOSS,5,26.363699169158934,26.09739917755127
2024-07-26,PLTR,Camino AMINO_2,27.18000030517578,24.739999771118164,-8.977190973735851,4.488595486867926,LOSS,5,26.908200302124023,26.636400299072264
2024-07-31,PLTR,Camino AMINO_2,26.88999938964844,26.31999969482422,-2.119746031097515,1.0598730155487575,LOSS,5,26.621099395751955,26.352199401855472
2024-08-06,PLTR,Camino AMINO_2,26.59000015258789,30.38999938964844,14.291083923482825,7.145541961741412,WIN,5,26.324100151062012,26.058200149536134
2024-08-08,PLTR,Camino AMINO_1,29.280000686645508,31.21999931335449,6.625678214528902,3.312839107264451,WIN,5,28.987200679779054,28.694400672912597
2024-08-09,PLTR,Camino AMINO_1,30.01000022888184,32.08000183105469,6.897706052599985,3.4488530262999926,WIN,5,29.70990022659302,29.409800224304202
2024-08-13,PLTR,Camino AMINO_1,30.38999938964844,32.31999969482422,6.350774412431169,3.1753872062155843,WIN,5,30.086099395751955,29.782199401855472
2024-08-16,PLTR,Camino AMINO_1,32.08000183105469,31.780000686645508,-0.9351656087462156,0.4675828043731078,LOSS,5,31.75920181274414,31.43840179443359
2024-09-04,PLTR,Camino AMINO_2,30.59000015258789,34.849998474121094,13.926114090498984,6.963057045249492,WIN,5,30.284100151062013,29.978200149536132
2024-09-06,PLTR,Camino AMINO_2,30.32999992370605,35.59000015258789,17.342565915308818,8.671282957654409,WIN,5,30.02669992446899,29.72339992523193
2024-09-09,PLTR,Camino AMINO_1,34.599998474121094,36.310001373291016,4.942205128849675,2.4711025644248377,WIN,5,34.25399848937988,33.90799850463867
2024-09-10,PLTR,Camino AMINO_1,34.7599983215332,36.45000076293945,4.861917500034295,2.4309587500171475,WIN,5,34.41239833831787,34.06479835510254
2024-09-11,PLTR,Camino AMINO_1,34.849998474121094,36.380001068115234,4.390251537974355,2.1951257689871775,WIN,5,34.501498489379884,34.152998504638674
2024-09-12,PLTR,Camino AMINO_1,34.90999984741211,36.83000183105469,5.499862480763971,2.7499312403819856,WIN,5,34.560899848937986,34.21179985046387
2024-11-01,PLTR,Camino AMINO_2,41.91999816894531,58.38999938964844,39.289126765526056,19.644563382763028,WIN,5,41.50079818725586,41.08159820556641
2024-11-05,PLTR,Camino AMINO_3,51.130001068115234,59.84999847412109,17.054561360929966,8.527280680464983,WIN,5,50.61870105743408,50.107401046752926
2024-11-06,PLTR,Camino AMINO_3,55.52999877929688,60.70000076293945,9.31028650692155,4.655143253460775,WIN,5,54.97469879150391,54.41939880371094
2024-11-07,PLTR,Camino AMINO_3,55.880001068115234,59.18000030517578,5.905510332825504,2.952755166412752,WIN,5,55.32120105743408,54.76240104675293
2024-12-03,PLTR,Camino AMINO_1,70.95999908447266,70.88999938964844,-0.0986466963463306,0.0493233481731653,LOSS,5,70.25039909362793,69.5407991027832
2024-12-06,PLTR,Camino AMINO_1,76.33999633789062,76.06999969482422,-0.3536765208520137,0.17683826042600684,LOSS,5,75.57659637451172,74.81319641113281
2024-12-11,PLTR,Camino AMINO_1,72.51000213623047,71.51000213623047,-1.3791200807320598,0.6895600403660299,LOSS,5,71.78490211486816,71.05980209350585
2024-02-02,SHOP,Camino AMINO_1,82.93000030517578,90.72000122070312,9.39346543694774,4.69673271847387,WIN,5,82.10070030212403,81.27140029907227
2024-02-07,SHOP,Camino AMINO_1,85.16999816894531,80.66999816894531,-5.283550659557006,2.641775329778503,LOSS,5,84.31829818725586,83.4665982055664
2024-02-08,SHOP,Camino AMINO_1,87.87000274658203,84.0,-4.4042365148697655,2.2021182574348828,LOSS,5,86.9913027191162,86.1126026916504
2024-02-09,SHOP,Camino AMINO_1,90.72000122070312,81.29000091552734,-10.3946210078134,5.1973105039067,LOSS,5,89.8128012084961,88.90560119628906
2024-02-15,SHOP,Camino AMINO_1,84.0,76.23999786376953,-9.238097781226749,4.619048890613374,LOSS,5,83.16,82.32
2024-03-13,SHOP,Camino AMINO_1,78.68000030517578,81.33000183105469,3.368075134214993,1.6840375671074965,WIN,5,77.89320030212403,77.10640029907226
2024-07-16,SHOP,Camino AMINO_1,69.72000122070312,62.65999984741211,-10.126220954790476,5.063110477395238,LOSS,5,69.02280120849609,68.32560119628906
2024-07-19,SHOP,Camino AMINO_2,63.15999984741211,59.93999862670898,-5.098165339585668,2.549082669792834,LOSS,5,62.52839984893799,61.896799850463864
2024-08-07,SHOP,Camino AMINO_1,63.88999938964844,71.58999633789062,12.05195965221711,6.025979826108555,WIN,5,63.25109939575195,62.61219940185547
2024-08-08,SHOP,Camino AMINO_1,68.55000305175781,74.8499984741211,9.190364904297011,4.595182452148506,WIN,5,67.86450302124024,67.17900299072265
2024-09-09,SHOP,Camino AMINO_2,68.12999725341797,73.58000183105469,7.999419928588505,3.9997099642942526,WIN,5,67.44869728088379,66.76739730834962
2024-09-10,SHOP,Camino AMINO_2,68.16999816894531,74.44999694824219,9.212261915767094,4.606130957883547,WIN,5,67.48829818725586,66.8065982055664
2024-09-11,SHOP,Camino AMINO_2,71.5199966430664,75.22000122070312,5.17338471938452,2.58669235969226,WIN,5,70.80479667663575,70.08959671020507
2024-09-13,SHOP,Camino AMINO_2,72.44999694824219,78.72000122070312,8.654250568071367,4.3271252840356835,WIN,5,71.72549697875976,71.00099700927734
2024-09-18,SHOP,Camino AMINO_1,75.22000122070312,79.26000213623047,5.370913121462961,2.6854565607314806,WIN,5,74.4678012084961,73.71560119628906
2024-09-19,SHOP,Camino AMINO_1,78.68000030517578,80.75,2.63090961717758,1.31545480858879,WIN,5,77.89320030212403,77.10640029907226
2024-09-20,SHOP,Camino AMINO_1,78.72000122070312,79.20999908447266,0.6224566262337192,0.3112283131168596,WIN,5,77.93280120849609,77.14560119628906
2024-10-24,SHOP,Camino AMINO_2,79.81999969482422,78.20999908447266,-2.01703910862826,1.00851955431413,LOSS,5,79.02179969787598,78.22359970092774
2024-10-28,SHOP,Camino AMINO_2,79.87000274658203,78.44000244140625,-1.7904097358215965,0.8952048679107982,LOSS,5,79.0713027191162,78.27260269165039
2024-10-29,SHOP,Camino AMINO_2,80.38999938964844,79.56999969482422,-1.0200269947132348,0.5100134973566174,LOSS,5,79.58609939575196,78.78219940185546
2024-11-05,SHOP,Camino AMINO_2,79.56999969482422,108.91999816894533,36.88575918900025,18.442879594500123,WIN,5,78.77429969787597,77.97859970092773
2024-11-06,SHOP,Camino AMINO_1,81.91999816894531,115.08999633789062,40.49072132611397,20.245360663056985,WIN,5,81.10079818725586,80.28159820556641
2024-11-07,SHOP,Camino AMINO_1,85.55000305175781,109.08000183105467,27.50438099348893,13.752190496744465,WIN,5,84.69450302124024,83.83900299072265
2024-11-08,SHOP,Camino AMINO_1,87.12000274658203,108.48999786376952,24.52937837863637,12.264689189318185,WIN,5,86.24880271911621,85.3776026916504
2024-11-11,SHOP,Camino AMINO_3,89.98999786376953,105.87999725341795,17.657517242864433,8.828758621432216,WIN,5,89.09009788513184,88.19019790649413
2024-05-24,GEV,Camino AMINO_1,177.42999267578125,170.3699951171875,-3.9790327735032487,1.9895163867516243,LOSS,5,175.65569274902344,173.8813928222656
2024-05-31,GEV,Camino AMINO_1,175.89999389648438,162.0800018310547,-7.856732544040128,3.928366272020064,LOSS,5,174.14099395751953,172.38199401855468
2024-06-07,GEV,Camino AMINO_2,162.0800018310547,170.1699981689453,4.99135997439295,2.495679987196475,WIN,5,160.45920181274414,158.8384017944336
2024-06-12,GEV,Camino AMINO_1,177.52000427246094,177.17999267578125,-0.1915342431818734,0.0957671215909367,LOSS,5,175.74480422973633,173.96960418701173
2024-07-31,GEV,Camino AMINO_1,178.24000549316406,166.07000732421875,-6.827871293693414,3.413935646846707,LOSS,5,176.45760543823243,174.67520538330078
2024-08-15,GEV,Camino AMINO_1,188.82000732421875,186.0,-1.493489680559421,0.7467448402797106,LOSS,5,186.93180725097656,185.04360717773437
2024-08-29,GEV,Camino AMINO_1,191.3600006103516,198.3300018310547,3.642350124619557,1.8211750623097784,WIN,5,189.44640060424808,187.53280059814455
2024-09-04,GEV,Camino AMINO_1,199.6300048828125,209.1499938964844,4.768816701307166,2.384408350653583,WIN,5,197.63370483398438,195.63740478515624
2024-10-21,GEV,Camino AMINO_1,276.42999267578125,289.2300109863281,4.630473772634266,2.315236886317133,WIN,5,273.66569274902344,270.9013928222656
2024-11-13,GEV,Camino AMINO_1,333.260009765625,342.7699890136719,2.853621487539129,1.4268107437695645,WIN,5,329.92740966796873,326.5948095703125
2024-11-15,GEV,Camino AMINO_1,329.760009765625,349.1600036621094,5.883064447466753,2.9415322237333763,WIN,5,326.46240966796876,323.1648095703125
2024-12-11,GEV,Camino AMINO_1,343.79998779296875,317.1199951171875,-7.760323915964635,3.8801619579823177,LOSS,5,340.36198791503904,336.9239880371094
2024-02-15,TSLA,Camino AMINO_1,200.4499969482422,191.97000122070312,-4.230479349784508,2.115239674892254,LOSS,5,198.44549697875976,196.44099700927734
2024-02-26,TSLA,Camino AMINO_1,199.3999938964844,188.13999938964844,-5.646938240470258,2.823469120235129,LOSS,5,197.40599395751957,195.4119940185547
2024-02-27,TSLA,Camino AMINO_1,199.72999572753903,180.7400054931641,-9.507830892000882,4.753915446000441,LOSS,5,197.73269577026363,195.73539581298826
2024-04-09,TSLA,Camino AMINO_1,176.8800048828125,157.11000061035156,-11.177071306369008,5.588535653184504,LOSS,5,175.11120483398437,173.34240478515625
2024-04-25,TSLA,Camino AMINO_1,170.17999267578125,180.00999450683594,5.776238250158075,2.8881191250790375,WIN,5,168.47819274902344,166.77639282226562
2024-04-29,TSLA,Camino AMINO_1,194.0500030517578,184.75999450683597,-4.787430249328059,2.3937151246640296,LOSS,5,192.10950302124024,190.16900299072265
2024-05-21,TSLA,Camino AMINO_1,186.6000061035156,176.19000244140625,-5.578779915116651,2.7893899575583254,LOSS,5,184.73400604248044,182.8680059814453
2024-05-30,TSLA,Camino AMINO_1,178.7899932861328,177.94000244140625,-0.4754129854271262,0.2377064927135631,LOSS,5,177.00209335327148,175.21419342041014
2024-06-13,TSLA,Camino AMINO_1,182.47000122070312,183.00999450683597,0.2959353770594181,0.14796768852970904,WIN,5,180.64530120849608,178.82060119628906
2024-06-17,TSLA,Camino AMINO_1,187.44000244140625,187.3500061035156,-0.0480134105411985,0.02400670527059925,LOSS,5,185.5656024169922,183.69120239257813
2024-06-26,TSLA,Camino AMINO_1,196.3699951171875,246.38999938964844,25.47232546530877,12.736162732654385,WIN,5,194.4062951660156,192.44259521484375
2024-06-27,TSLA,Camino AMINO_1,197.4199981689453,251.5200042724609,27.403508563108524,13.701754281554262,WIN,5,195.44579818725586,193.4715982055664
2024-06-28,TSLA,Camino AMINO_1,197.8800048828125,252.94000244140625,27.82494249037497,13.912471245187485,WIN,5,195.90120483398437,193.92240478515626
2024-07-01,TSLA,Camino AMINO_3,209.8600006103516,262.3299865722656,25.002375778762836,12.501187889381418,WIN,5,207.76140060424808,205.66280059814454
2024-07-25,TSLA,Camino AMINO_2,220.25,216.8600006103516,-1.539159768285329,0.7695798841426645,LOSS,5,218.04749999999999,215.845
2024-07-29,TSLA,Camino AMINO_2,232.1000061035156,198.8800048828125,-14.312796358086755,7.156398179043378,LOSS,5,229.77900604248043,227.45800598144527
2024-07-31,TSLA,Camino AMINO_2,232.07000732421875,191.75999450683597,-17.36976409927319,8.684882049636595,LOSS,5,229.74930725097656,227.42860717773436
2024-08-15,TSLA,Camino AMINO_2,214.13999938964844,210.66000366210935,-1.6251030809087068,0.8125515404543534,LOSS,5,211.99859939575194,209.85719940185547
2024-08-23,TSLA,Camino AMINO_1,220.32000732421875,214.1100006103516,-2.818630404604453,1.4093152023022264,LOSS,5,218.11680725097656,215.91360717773438
2024-09-04,TSLA,Camino AMINO_1,219.41000366210935,228.1300048828125,3.9742951894444594,1.9871475947222297,WIN,5,217.21590362548824,215.02180358886716
2024-09-05,TSLA,Camino AMINO_1,230.1699981689453,229.80999755859372,-0.1564064010146627,0.07820320050733134,LOSS,5,227.86829818725585,225.5665982055664
2024-09-10,TSLA,Camino AMINO_1,226.1699981689453,227.8699951171875,0.7516456479662336,0.3758228239831168,WIN,5,223.90829818725587,221.6465982055664
2024-09-11,TSLA,Camino AMINO_1,228.1300048828125,227.1999969482422,-0.4076657671786952,0.2038328835893476,LOSS,5,225.84870483398439,223.56740478515624
2024-09-24,TSLA,Camino AMINO_1,254.2700042724609,258.0199890136719,1.4748042152831649,0.7374021076415824,WIN,5,251.7273042297363,249.1846041870117
2024-10-04,TSLA,Camino AMINO_1,250.0800018310547,217.8000030517578,-12.907868899130971,6.453934449565486,LOSS,5,247.57920181274415,245.0784017944336
2024-10-24,TSLA,Camino AMINO_1,260.4800109863281,249.8500061035156,-4.080929220849288,2.040464610424644,LOSS,5,257.87521087646485,255.27041076660157
2024-10-25,TSLA,Camino AMINO_1,269.19000244140625,248.97999572753903,-7.507710736124473,3.7538553680622364,LOSS,5,266.4981024169922,263.80620239257814
2024-11-06,TSLA,Camino AMINO_3,288.5299987792969,330.239990234375,14.456032867134567,7.228016433567284,WIN,5,285.6446987915039,282.75939880371095
2024-11-15,TSLA,Camino AMINO_1,320.7200012207031,352.5599975585937,9.927661579166672,4.963830789583336,WIN,5,317.5128012084961,314.30560119628905
2024-02-01,ORLA,Camino AMINO_1,3.5299999713897705,3.559999942779541,0.8498575533404166,0.4249287766702083,WIN,5,3.494699971675873,3.4593999719619752
2024-02-02,ORLA,Camino AMINO_1,3.549999952316284,3.5,-1.4084493799404276,0.7042246899702138,LOSS,5,3.514499952793121,3.4789999532699585
2024-02-07,ORLA,Camino AMINO_1,3.630000114440918,3.3299999237060547,-8.26446780377219,4.132233901886095,LOSS,5,3.5937001132965087,3.5574001121520995
2024-02-20,ORLA,Camino AMINO_1,3.5299999713897705,3.2100000381469727,-9.065153989698562,4.532576994849281,LOSS,5,3.494699971675873,3.4593999719619752
2024-02-21,ORLA,Camino AMINO_1,3.5899999141693115,3.2300000190734863,-10.027852470830084,5.013926235415042,LOSS,5,3.5540999150276185,3.5181999158859254
2024-02-23,ORLA,Camino AMINO_1,3.630000114440918,3.450000047683716,-4.958679368662368,2.479339684331184,LOSS,5,3.5937001132965087,3.5574001121520995
2024-03-06,ORLA,Camino AMINO_1,3.7899999618530273,3.7100000381469727,-2.110815950165358,1.055407975082679,LOSS,5,3.752099962234497,3.7141999626159667
2024-03-11,ORLA,Camino AMINO_1,3.7300000190734863,3.630000114440918,-2.6809625769762824,1.3404812884881412,LOSS,5,3.6927000188827512,3.6554000186920166
2024-03-13,ORLA,Camino AMINO_1,3.7100000381469727,3.650000095367432,-1.6172491148951331,0.8086245574475666,LOSS,5,3.672900037765503,3.6358000373840333
2024-03-26,ORLA,Camino AMINO_2,3.539999961853028,3.910000085830689,10.451981015954107,5.225990507977054,WIN,5,3.5045999622344977,3.469199962615967
2024-04-01,ORLA,Camino AMINO_1,3.809999942779541,3.950000047683716,3.67454349099122,1.83727174549561,WIN,5,3.7718999433517455,3.73379994392395
2024-05-01,ORLA,Camino AMINO_2,3.9600000381469727,3.910000085830689,-1.2626250463290645,0.6313125231645322,LOSS,5,3.920400037765503,3.880800037384033
2024-05-09,ORLA,Camino AMINO_2,3.940000057220459,4.25,7.8680187380057,3.93400936900285,WIN,5,3.9006000566482544,3.8612000560760498
2024-05-14,ORLA,Camino AMINO_2,3.849999904632568,4.5,16.88311977840076,8.44155988920038,WIN,5,3.8114999055862424,3.7729999065399165
2024-05-15,ORLA,Camino AMINO_1,4.170000076293945,4.21999979019165,1.1990338844823698,0.5995169422411849,WIN,5,4.128300075531006,4.086600074768066
2024-05-16,ORLA,Camino AMINO_1,4.25,4.039999961853027,-4.941177368164063,2.4705886840820317,LOSS,5,4.2075,4.165
2024-05-17,ORLA,Camino AMINO_1,4.380000114440918,4.159999847412109,-5.022837015539448,2.511418507769724,LOSS,5,4.336200113296509,4.2924001121521
2024-05-24,ORLA,Camino AMINO_1,4.159999847412109,4.079999923706055,-1.9230751596258295,0.9615375798129148,LOSS,5,4.1183998489379885,4.076799850463867
2024-05-30,ORLA,Camino AMINO_1,4.230000019073486,4.150000095367432,-1.891251142915536,0.945625571457768,LOSS,5,4.187700018882752,4.145400018692016
2024-06-05,ORLA,Camino AMINO_2,4.039999961853027,4.039999961853027,0.0,0.0,LOSS,5,3.999599962234497,3.959199962615967
2024-06-12,ORLA,Camino AMINO_2,4.039999961853027,3.930000066757202,-2.7227697062989957,1.3613848531494979,LOSS,5,3.999599962234497,3.959199962615967
2024-07-10,ORLA,Camino AMINO_1,3.930000066757202,4.110000133514404,4.580154292611178,2.290077146305589,WIN,5,3.89070006608963,3.851400065422058
2024-07-12,ORLA,Camino AMINO_1,4.099999904632568,3.940000057220459,-3.902435393506385,1.9512176967531925,LOSS,5,4.0589999055862425,4.017999906539917
2024-08-15,ORLA,Camino AMINO_1,3.9800000190734863,4.179999828338623,5.025120811725402,2.512560405862701,WIN,5,3.9402000188827513,3.9004000186920167
2024-08-16,ORLA,Camino AMINO_1,4.090000152587891,4.340000152587891,6.112469209611544,3.056234604805772,WIN,5,4.049100151062012,4.008200149536132
2024-08-19,ORLA,Camino AMINO_1,4.309999942779541,4.340000152587891,0.6960605616389479,0.34803028081947396,WIN,5,4.266899943351746,4.22379994392395
2024-09-09,ORLA,Camino AMINO_2,3.940000057220459,4.139999866485596,5.076137217272785,2.5380686086363924,WIN,5,3.9006000566482544,3.8612000560760498
2024-09-12,ORLA,Camino AMINO_1,4.289999961853027,4.090000152587891,-4.662000257425377,2.3310001287126885,LOSS,5,4.247099962234497,4.2041999626159665
2024-09-19,ORLA,Camino AMINO_2,4.090000152587891,4.170000076293945,1.955988281698128,0.977994140849064,WIN,5,4.049100151062012,4.008200149536132
2024-09-20,ORLA,Camino AMINO_2,4.130000114440918,3.9700000286102295,-3.874093980560285,1.9370469902801426,LOSS,5,4.088700113296508,4.0474001121521
2024-09-26,ORLA,Camino AMINO_1,4.170000076293945,4.099999904632568,-1.678661160207677,0.8393305801038385,LOSS,5,4.128300075531006,4.086600074768066
2024-09-30,ORLA,Camino AMINO_2,4.0,4.159999847412109,3.9999961853027344,1.9999980926513672,WIN,5,3.96,3.92
2024-10-03,ORLA,Camino AMINO_2,4.099999904632568,4.5,9.756100113940825,4.878050056970412,WIN,5,4.0589999055862425,4.017999906539917
2024-10-04,ORLA,Camino AMINO_1,4.269999980926514,4.5,5.386417332572925,2.6932086662864627,WIN,5,4.227299981117248,4.184599981307984
2024-10-10,ORLA,Camino AMINO_1,4.5,4.699999809265137,4.444440205891928,2.222220102945964,WIN,5,4.455,4.41
2024-10-11,ORLA,Camino AMINO_3,4.5,4.920000076293945,9.33333502875434,4.66666751437717,WIN,5,4.455,4.41
2024-10-14,ORLA,Camino AMINO_1,4.550000190734863,4.980000019073486,9.450545281607438,4.725272640803719,WIN,5,4.504500188827515,4.459000186920166
2024-10-15,ORLA,Camino AMINO_3,4.71999979019165,5.150000095367432,9.110176362069744,4.555088181034872,WIN,5,4.672799792289734,4.625599794387817
2024-11-07,ORLA,Camino AMINO_2,4.809999942779541,3.839999914169312,-20.16632100102892,10.08316050051446,LOSS,5,4.761899943351746,4.71379994392395
2024-03-04,COHR,Camino AMINO_1,66.88999938964844,61.4900016784668,-8.072952250642892,4.036476125321446,LOSS,5,66.22109939575195,65.55219940185546
2024-03-27,COHR,Camino AMINO_2,60.880001068115234,57.56999969482422,-5.436927258900077,2.7184636294500386,LOSS,5,60.271201057434084,59.662401046752926
2024-04-03,COHR,Camino AMINO_2,59.43999862670898,55.84999847412109,-6.039704299344898,3.019852149672449,LOSS,5,58.845598640441885,58.2511986541748
2024-05-06,COHR,Camino AMINO_1,57.91999816894531,54.369998931884766,-6.12914252294285,3.064571261471425,LOSS,5,57.34079818725586,56.76159820556641
2024-05-23,COHR,Camino AMINO_1,59.060001373291016,57.060001373291016,-3.386386646622175,1.6931933233110874,LOSS,5,58.469401359558105,57.878801345825195
2024-06-03,COHR,Camino AMINO_3,70.0999984741211,66.62000274658203,-4.96433067516225,2.482165337581125,LOSS,5,69.39899848937988,68.69799850463868
2024-07-05,COHR,Camino AMINO_1,74.55999755859375,78.4000015258789,5.150220081844087,2.5751100409220435,WIN,5,73.81439758300782,73.06879760742187
2024-07-08,COHR,Camino AMINO_1,76.55000305175781,79.44000244140625,3.775309306904168,1.887654653452084,WIN,5,75.78450302124024,75.01900299072265
2024-07-26,COHR,Camino AMINO_2,70.5,58.93000030517578,-16.41134708485705,8.205673542428524,LOSS,5,69.795,69.09
2024-07-31,COHR,Camino AMINO_2,69.68000030517578,57.20000076293945,-17.910447025800778,8.955223512900389,LOSS,5,68.98320030212402,68.28640029907227
2024-08-15,COHR,Camino AMINO_1,71.27999877929688,78.29000091552734,9.834458833165003,4.917229416582502,WIN,5,70.56719879150391,69.85439880371094
2024-08-16,COHR,Camino AMINO_1,76.62999725341797,79.37999725341797,3.5886729721595287,1.7943364860797644,WIN,5,75.86369728088378,75.09739730834961
2024-08-19,COHR,Camino AMINO_1,77.45999908447266,79.43000030517578,2.543249734039855,1.2716248670199275,WIN,5,76.68539909362794,75.9107991027832
2024-08-20,COHR,Camino AMINO_1,78.55000305175781,79.4800033569336,1.18395960413011,0.591979802065055,WIN,5,77.76450302124023,76.97900299072265
2024-09-11,COHR,Camino AMINO_2,75.37000274658203,80.9800033569336,7.443280358120951,3.7216401790604756,WIN,5,74.6163027191162,73.8626026916504
2024-09-18,COHR,Camino AMINO_1,80.9800033569336,90.68000030517578,11.97826197349949,5.989130986749745,WIN,5,80.17020332336426,79.36040328979492
2024-09-19,COHR,Camino AMINO_1,86.05999755859375,92.41999816894533,7.390193807548472,3.695096903774236,WIN,5,85.19939758300781,84.33879760742187
2024-09-20,COHR,Camino AMINO_1,87.0199966430664,89.83000183105469,3.2291488122140457,1.6145744061070229,WIN,5,86.14979667663575,85.27959671020507
2024-10-28,COHR,Camino AMINO_2,96.37999725341795,90.91000366210938,-5.675444850787863,2.8377224253939315,LOSS,5,95.41619728088378,94.45239730834959
2024-11-05,COHR,Camino AMINO_2,93.56999969482422,104.0,11.14673542715926,5.57336771357963,WIN,5,92.63429969787597,91.69859970092773
2024-11-07,COHR,Camino AMINO_1,109.4499969482422,100.01000213623048,-8.62493839673271,4.312469198366355,LOSS,5,108.35549697875977,107.26099700927736
2024-11-08,COHR,Camino AMINO_1,110.0199966430664,95.11000061035156,-13.552078247272414,6.776039123636207,LOSS,5,108.91979667663574,107.81959671020508
2024-11-18,COHR,Camino AMINO_2,95.3499984741211,99.8000030517578,4.667021131462831,2.3335105657314155,WIN,5,94.39649848937988,93.44299850463867
2024-11-19,COHR,Camino AMINO_1,104.25,101.04000091552734,-3.079135812443795,1.5395679062218974,LOSS,5,103.2075,102.16499999999999
2024-11-21,COHR,Camino AMINO_1,105.72000122070312,100.16000366210938,-5.259172809681104,2.629586404840552,LOSS,5,104.66280120849609,103.60560119628906
2024-11-29,COHR,Camino AMINO_2,100.16000366210938,111.23999786376952,11.062294125945334,5.531147062972667,WIN,5,99.15840362548828,98.15680358886719
2024-12-04,COHR,Camino AMINO_1,112.0199966430664,103.83999633789062,-7.3022679434994355,3.6511339717497178,LOSS,5,110.89979667663575,109.77959671020507
2024-02-06,AEO,Camino AMINO_1,20.88999938964844,22.040000915527344,5.505033793580498,2.752516896790249,WIN,5,20.681099395751957,20.472199401855473
2024-03-15,AEO,Camino AMINO_2,23.15999984741211,25.43000030517578,9.801383733676152,4.900691866838076,WIN,5,22.92839984893799,22.696799850463865
2024-03-20,AEO,Camino AMINO_1,24.84000015258789,25.13999938964844,1.2077263897653086,0.6038631948826543,WIN,5,24.59160015106201,24.343200149536134
2024-03-21,AEO,Camino AMINO_1,25.8799991607666,25.790000915527344,-0.3477521180746125,0.17387605903730624,LOSS,5,25.621199169158935,25.362399177551268
2024-04-11,AEO,Camino AMINO_2,23.600000381469727,22.34000015258789,-5.338983934386562,2.669491967193281,LOSS,5,23.364000377655028,23.128000373840333
2024-04-29,AEO,Camino AMINO_1,24.82999992370605,24.6299991607666,-0.8054803203946269,0.40274016019731346,LOSS,5,24.58169992446899,24.33339992523193
2024-05-29,AEO,Camino AMINO_1,24.049999237060547,21.690000534057617,-9.812884731265276,4.906442365632638,LOSS,5,23.809499244689942,23.568999252319337
2024-07-11,AEO,Camino AMINO_1,21.209999084472656,19.93000030517578,-6.034883708382298,3.017441854191149,LOSS,5,20.99789909362793,20.7857991027832
2024-07-22,AEO,Camino AMINO_1,20.799999237060547,22.309999465942383,7.2596167512899825,3.6298083756449913,WIN,5,20.59199924468994,20.383999252319335
2024-07-23,AEO,Camino AMINO_1,21.549999237060547,22.229999542236328,3.1554539640370507,1.5777269820185253,WIN,5,21.33449924468994,21.118999252319334
2024-07-29,AEO,Camino AMINO_1,22.309999465942383,19.780000686645508,-11.340200985477733,5.670100492738866,LOSS,5,22.08689947128296,21.863799476623534
2024-08-26,AEO,Camino AMINO_1,22.479999542236328,19.59000015258789,-12.855869432820006,6.427934716410003,LOSS,5,22.255199546813966,22.0303995513916
2024-12-02,AEO,Camino AMINO_1,19.93000030517578,17.700000762939453,-11.189159599045272,5.594579799522636,LOSS,5,19.730700302124024,19.531400299072267
2024-12-04,AEO,Camino AMINO_1,20.540000915527344,17.649999618530273,-14.07011279543009,7.035056397715045,LOSS,5,20.33460090637207,20.129200897216798
