date,symbol,camino,action,entry_price,stop_loss,base_high,avwap,gap_pct,outcome,exit_price,exit_date,return_pct,hold_days,reasoning
2023-07-03,AAPL,BLUE_SKY,BUY_STOP,192.1975853872896,189.44697392789521,192.14758538728958,190.77618808053478,-0.0009797716694206946,LOSS,189.44697392789521,2023-07-05,-1.4311373651504165,1,Blue Sky Breakout: Base (192.15) and AVWAP (190.78) converge within 0.7%. Clear path above.
2023-07-05,AAPL,BLUE_SKY,BUY_STOP,192.1975853872896,189.6717456310555,192.14758538728958,190.3656828287313,-0.004624187532328186,LOSS,189.6717456310555,2023-07-06,-1.3141891200892946,1,Blue Sky Breakout: Base (192.15) and AVWAP (190.37) converge within 0.9%. Clear path above.
2023-07-06,AAPL,BLUE_SKY,BUY_STOP,192.1975853872896,189.66532334083263,192.14758538728958,190.00989502466598,-0.0077876792211643,LOSS,189.66532334083263,2023-07-07,-1.3175306242033713,1,Blue Sky Breakout: Base (192.15) and AVWAP (190.01) converge within 1.1%. Clear path above.
2023-07-07,AAPL,BLUE_SKY,BUY_STOP,192.1975853872896,189.73744816207693,192.14758538728958,189.80719399963874,-0.0020852979809696144,LOSS,189.73744816207693,2023-07-10,-1.2800042311953812,1,Blue Sky Breakout: Base (192.15) and AVWAP (189.81) converge within 1.2%. Clear path above.
2023-07-12,AAPL,BLUE_SKY,BUY_STOP,192.1975853872896,189.6890345506285,192.14758538728958,188.5567522636513,0.008506830580028104,LOSS,189.6890345506285,2023-07-13,-1.3051937315477828,1,Blue Sky Breakout: Base (192.15) and AVWAP (188.56) converge within 1.9%. Clear path above.
2023-07-13,AAPL,BLUE_SKY,BUY_STOP,192.1975853872896,189.70385404452875,192.14758538728958,188.5266315662852,0.003846755732959059,LOSS,189.70385404452875,2023-07-14,-1.2974831799972,1,Blue Sky Breakout: Base (192.15) and AVWAP (188.53) converge within 1.9%. Clear path above.
2023-07-14,AAPL,BLUE_SKY,BUY_STOP,192.1975853872896,189.74436268965954,192.14758538728958,188.5010173741287,-0.0016267072981315804,LOSS,189.74436268965954,2023-07-17,-1.2764066170168908,1,Blue Sky Breakout: Base (192.15) and AVWAP (188.50) converge within 1.9%. Clear path above.
2023-07-17,AAPL,BLUE_SKY,BUY_STOP,192.1975853872896,189.75572458780664,192.14758538728958,188.73288462684573,0.006345068831693726,LOSS,189.75572458780664,2023-07-21,-1.2704950452746104,4,Blue Sky Breakout: Base (192.15) and AVWAP (188.73) converge within 1.8%. Clear path above.
2023-07-18,AAPL,BLUE_SKY,BUY_STOP,192.1975853872896,189.7957387295354,192.14758538728958,188.9277583823975,-0.003299005964416567,LOSS,189.7957387295354,2023-07-21,-1.2496757713757576,3,Blue Sky Breakout: Base (192.15) and AVWAP (188.93) converge within 1.7%. Clear path above.
2023-07-20,AAPL,BLUE_SKY,BUY_STOP,195.9025828543745,193.2517588289526,195.85258285437448,192.4406060189485,-5.1257414259280336e-05,LOSS,193.2517588289526,2023-07-21,-1.3531337804731198,1,Blue Sky Breakout: Base (195.85) and AVWAP (192.44) converge within 1.7%. Clear path above.
2023-07-31,AAPL,BLUE_SKY,BUY_STOP,195.9025828543745,193.22755242761343,195.85258285437448,192.01455868798664,0.0011744115822191514,LOSS,193.22755242761343,2023-08-01,-1.3654901266664548,1,Blue Sky Breakout: Base (195.85) and AVWAP (192.01) converge within 2.0%. Clear path above.
2023-08-01,AAPL,BLUE_SKY,BUY_STOP,195.9025828543745,193.26065131666812,195.85258285437448,192.1182861364166,-0.001069027474076157,LOSS,193.26065131666812,2023-08-02,-1.3485945408235211,1,Blue Sky Breakout: Base (195.85) and AVWAP (192.12) converge within 1.9%. Clear path above.
2023-08-02,AAPL,BLUE_SKY,BUY_STOP,195.9025828543745,193.21273368426066,195.85258285437448,192.00787899402633,-0.0029138834566015664,LOSS,193.21273368426066,2023-08-03,-1.3730544696867772,1,Blue Sky Breakout: Base (195.85) and AVWAP (192.01) converge within 2.0%. Clear path above.
2023-10-06,AAPL,BLUE_SKY,BUY_STOP,178.4281946740771,175.1257716124604,178.3781946740771,178.7755541894926,-0.006346102232978674,LOSS,175.1257716124604,2023-10-09,-1.8508414926514407,1,Blue Sky Breakout: Base (178.38) and AVWAP (178.78) converge within 0.2%. Clear path above.
2023-10-09,AAPL,BLUE_SKY,BUY_STOP,178.26001559327634,174.9432474248696,178.21001559327632,178.74196858815696,-0.0038312618318923483,LOSS,174.9432474248696,2023-10-16,-1.860634959201601,5,Blue Sky Breakout: Base (178.21) and AVWAP (178.74) converge within 0.3%. Clear path above.
2023-10-10,AAPL,BLUE_SKY,BUY_STOP,177.8543659929143,174.71271087348222,177.80436599291428,178.71738552601983,-0.004972352676498184,LOSS,174.71271087348222,2023-10-16,-1.7664200155520706,4,Blue Sky Breakout: Base (177.80) and AVWAP (178.72) converge within 0.5%. Clear path above.
2023-10-11,AAPL,BLUE_SKY,BUY_STOP,177.98298447341062,174.89425947590547,177.9329844734106,178.69661032710647,-0.0010650996330490317,LOSS,174.89425947590547,2023-10-16,-1.7354046549132827,3,Blue Sky Breakout: Base (177.93) and AVWAP (178.70) converge within 0.4%. Clear path above.
2023-10-12,AAPL,BLUE_SKY,BUY_STOP,180.44644439001883,177.31913515428698,180.39644439001881,178.69778085905392,0.0015017505160009666,LOSS,177.31913515428698,2023-10-13,-1.7330955155716143,1,Blue Sky Breakout: Base (180.40) and AVWAP (178.70) converge within 0.9%. Clear path above.
2023-10-13,AAPL,BLUE_SKY,BUY_STOP,180.44644439001883,177.26422669194463,180.39644439001881,178.68403877471349,0.003928874100414096,LOSS,177.26422669194463,2023-10-16,-1.763524744880048,1,Blue Sky Breakout: Base (180.40) and AVWAP (178.68) converge within 0.9%. Clear path above.
2023-10-16,AAPL,BLUE_SKY,BUY_STOP,180.44644439001883,177.29588557647972,180.39644439001881,178.64877594610076,-0.011741700873384544,LOSS,177.29588557647972,2023-10-17,-1.745979991010217,1,Blue Sky Breakout: Base (180.40) and AVWAP (178.65) converge within 1.0%. Clear path above.
2023-10-17,AAPL,BLUE_SKY,BUY_STOP,180.44644439001883,177.2404826990611,180.39644439001881,178.59132646534354,-0.011582380374482486,LOSS,177.2404826990611,2023-10-18,-1.7766832157846992,1,Blue Sky Breakout: Base (180.40) and AVWAP (178.59) converge within 1.0%. Clear path above.
2023-11-02,AAPL,BLUE_SKY,BUY_STOP,180.44644439001883,177.40224099539344,180.39644439001881,177.3478091431015,0.008909579336271732,LOSS,177.40224099539344,2023-11-03,-1.687039833295696,1,Blue Sky Breakout: Base (180.40) and AVWAP (177.35) converge within 1.7%. Clear path above.
2023-11-06,AAPL,BLUE_SKY,BUY_STOP,180.44644439001883,177.4700121392663,180.39644439001881,177.2716121202375,-0.0015285344891878543,LOSS,177.4700121392663,2023-11-07,-1.649482349632363,1,Blue Sky Breakout: Base (180.40) and AVWAP (177.27) converge within 1.7%. Clear path above.
2023-11-07,AAPL,BLUE_SKY,BUY_STOP,180.5453598060514,177.4848337353224,180.4953598060514,177.29999884748014,-0.0002789656804092621,WIN,186.6664119475094,2023-11-15,3.390312632810646,6,Blue Sky Breakout: Base (180.50) and AVWAP (177.30) converge within 1.8%. Clear path above.
2023-12-11,AAPL,VWAP_RECLAIM,BUY_STOP,191.37266540527344,189.62913681721145,194.15639227120218,179.31273130987557,-0.01328501140324468,WIN,194.85972258139742,2023-12-13,1.822129178552944,2,"VWAP Reclaim: Weak open, price reclaimed VWAP at 191.37. Institutions defending position."
2023-12-15,AAPL,BLUE_SKY,BUY_STOP,197.8024134956911,195.49024977970757,197.7524134956911,195.91138487281282,-0.0029276048123968584,LOSS,195.49024977970757,2023-12-18,-1.1689259373136507,1,Blue Sky Breakout: Base (197.75) and AVWAP (195.91) converge within 0.9%. Clear path above.
2023-12-18,AAPL,BLUE_SKY,BUY_STOP,197.8024134956911,195.4689505368363,197.7524134956911,195.4440468566864,-0.007491076043899918,LOSS,195.4689505368363,2023-12-19,-1.1796938761344422,1,Blue Sky Breakout: Base (197.75) and AVWAP (195.44) converge within 1.2%. Clear path above.
2023-12-19,AAPL,BLUE_SKY,BUY_STOP,197.8024134956911,195.5169968522422,197.7524134956911,195.34779121024243,0.0013784081142416448,LOSS,195.5169968522422,2023-12-20,-1.1554038209441244,1,Blue Sky Breakout: Base (197.75) and AVWAP (195.35) converge within 1.2%. Clear path above.
2023-12-20,AAPL,BLUE_SKY,BUY_STOP,197.8024134956911,195.46399776636798,197.7524134956911,195.13531210126078,-0.00020312689067686547,LOSS,195.46399776636798,2023-12-21,-1.1821977740297172,1,Blue Sky Breakout: Base (197.75) and AVWAP (195.14) converge within 1.3%. Clear path above.
2023-12-21,AAPL,BLUE_SKY,BUY_STOP,197.8024134956911,195.39068957173762,197.7524134956911,194.91229864772447,0.006518288324647969,LOSS,195.39068957173762,2023-12-22,-1.2192590986793044,1,Blue Sky Breakout: Base (197.75) and AVWAP (194.91) converge within 1.4%. Clear path above.
2024-04-11,AAPL,BLUE_SKY,BUY_STOP,177.2742889404297,174.46669190417825,177.2242889404297,180.05473354459627,0.003337680798994148,LOSS,174.46669190417825,2024-04-12,-1.5837587351400408,1,Blue Sky Breakout: Base (177.22) and AVWAP (180.05) converge within 1.6%. Clear path above.
2024-04-12,AAPL,BLUE_SKY,BUY_STOP,177.2742889404297,174.3729565781869,177.2242889404297,179.9492730446598,-0.004456053022242403,LOSS,174.3729565781869,2024-04-15,-1.6366346070736517,1,Blue Sky Breakout: Base (177.22) and AVWAP (179.95) converge within 1.5%. Clear path above.
2024-04-29,AAPL,BLUE_SKY,BUY_STOP,176.96679662448955,174.19887917722724,176.91679662448954,178.61725201745583,0.024040228306892043,LOSS,174.19887917722724,2024-04-30,-1.564088574839054,1,Blue Sky Breakout: Base (176.92) and AVWAP (178.62) converge within 1.0%. Clear path above.
2023-06-30,META,BLUE_SKY,BUY_STOP,287.8297500544625,280.2377827205882,287.7797500544625,282.72804528853965,0.011473043178576493,WIN,303.01368472221117,2023-07-12,5.275318018681381,7,Blue Sky Breakout: Base (287.78) and AVWAP (282.73) converge within 1.8%. Clear path above.
2023-07-03,META,BLUE_SKY,BUY_STOP,287.8297500544625,280.2218948573073,287.7797500544625,282.8869046792074,-0.0009755898585123718,WIN,303.045460448773,2023-07-12,5.286357783179598,6,Blue Sky Breakout: Base (287.78) and AVWAP (282.89) converge within 1.7%. Clear path above.
2023-07-17,META,BLUE_SKY,BUY_STOP,314.09622524355314,306.30763050636534,314.0462252435531,308.9084682216391,-0.00430599588119478,LOSS,306.30763050636534,2023-07-18,-2.479684285014392,1,Blue Sky Breakout: Base (314.05) and AVWAP (308.91) converge within 1.6%. Clear path above.
2023-07-18,META,BLUE_SKY,BUY_STOP,314.09622524355314,306.36423431417313,314.0462252435531,308.95480243882764,0.0008370721336924132,LOSS,306.36423431417313,2023-07-20,-2.4616631172133783,2,Blue Sky Breakout: Base (314.05) and AVWAP (308.95) converge within 1.6%. Clear path above.
2023-07-31,META,BLUE_SKY,BUY_STOP,323.9871745671294,314.8897202515251,323.9371745671294,319.20724677077357,-0.005499490113101486,LOSS,314.8897202515251,2023-08-01,-2.8079674227102234,1,Blue Sky Breakout: Base (323.94) and AVWAP (319.21) converge within 1.5%. Clear path above.
2023-08-01,META,BLUE_SKY,BUY_STOP,323.9871745671294,314.6449290333082,323.9371745671294,318.9663878796724,-0.003327026475614888,LOSS,314.6449290333082,2023-08-02,-2.883523258691682,1,Blue Sky Breakout: Base (323.94) and AVWAP (318.97) converge within 1.5%. Clear path above.
2023-10-06,META,VWAP_RECLAIM,BUY_STOP,313.24188232421875,298.82261720809345,314.11578268990155,299.7775574015269,-0.010991237686341422,LOSS,306.5089416503906,2023-10-20,-2.1494381989632037,10,"VWAP Reclaim: Weak open, price reclaimed VWAP at 313.24. Institutions defending position."
2023-12-26,META,BLUE_SKY,BUY_STOP,354.7721976295662,347.1370322862895,354.7221976295662,352.00312882396906,0.004527533595573663,LOSS,347.1370322862895,2024-01-02,-2.152131817062204,4,Blue Sky Breakout: Base (354.72) and AVWAP (352.00) converge within 0.8%. Clear path above.
2024-01-11,META,BLUE_SKY,BUY_STOP,370.40298322336446,363.2568971868217,370.35298322336445,365.3659855343424,0.004480817737580589,LOSS,363.2568971868217,2024-01-17,-1.929273348274701,3,Blue Sky Breakout: Base (370.35) and AVWAP (365.37) converge within 1.3%. Clear path above.
2024-01-16,META,BLUE_SKY,BUY_STOP,374.49439150060067,367.14423169021177,374.44439150060066,369.52504772608336,-0.0022430378451762318,LOSS,367.14423169021177,2024-01-17,-1.9626888885937062,1,Blue Sky Breakout: Base (374.44) and AVWAP (369.53) converge within 1.3%. Clear path above.
2024-01-17,META,BLUE_SKY,BUY_STOP,374.49439150060067,367.02059427690284,374.44439150060066,367.674496742115,-0.0031567455663685925,WIN,389.44198594799633,2024-01-24,3.991406757121404,5,Blue Sky Breakout: Base (374.44) and AVWAP (367.67) converge within 1.8%. Clear path above.
2024-01-18,META,BLUE_SKY,BUY_STOP,374.49439150060067,367.25098560780043,374.44439150060066,368.7965250987613,0.008469722213014761,WIN,388.98120328620115,2024-01-24,3.8683654854086766,4,Blue Sky Breakout: Base (374.44) and AVWAP (368.80) converge within 1.5%. Clear path above.
2024-01-23,META,BLUE_SKY,BUY_STOP,387.6921802024165,380.49693788025627,387.6421802024165,382.12982160795474,0.0074389420397166575,WIN,402.08266484673703,2024-01-30,3.711832577280033,5,Blue Sky Breakout: Base (387.64) and AVWAP (382.13) converge within 1.4%. Clear path above.
2024-03-05,META,BLUE_SKY,BUY_STOP,501.5023915660251,491.47657419458045,501.4523915660251,492.0827542067124,-0.006403151510191007,LOSS,491.47657419458045,2024-03-06,-1.99915644273148,1,Blue Sky Breakout: Base (501.45) and AVWAP (492.08) converge within 1.9%. Clear path above.
2024-03-06,META,BLUE_SKY,BUY_STOP,501.5023915660251,491.7462301682562,501.4523915660251,492.9098346590333,0.015115646063330778,LOSS,491.7462301682562,2024-03-11,-1.9453868140695492,3,Blue Sky Breakout: Base (501.45) and AVWAP (492.91) converge within 1.7%. Clear path above.
2024-04-10,META,VWAP_RECLAIM,BUY_STOP,516.771728515625,502.8242413515318,528.363171344258,515.8115818433323,-0.014722480702967526,LOSS,502.8242413515318,2024-04-15,-2.6989648222738456,3,"VWAP Reclaim: Weak open, price reclaimed VWAP at 516.77. Institutions defending position."
2024-05-29,META,VWAP_RECLAIM,MANUAL_WATCH,473.1697882550405,470.91315397517894,479.6613749209952,466.735586356378,-0.010960171263971042,LOSS,470.91315397517894,2024-05-30,-0.4769185049162962,1,Weak market detected. Waiting for VWAP reclaim at 473.17. Current price: 471.57
