date,ticker,index_member
2019-01-23,AIV,SP500
2019-01-23,AMT,SP500
2019-01-23,ARE,SP500
2019-01-23,AVB,SP500
2019-01-23,BXP,SP500
2019-01-23,CBRE,SP500
2019-01-23,CCI,SP500
2019-01-23,DLR,SP500
2019-01-23,DRE,SP500
2019-01-23,EQIX,SP500
2019-01-23,EQR,SP500
2019-01-23,ESS,SP500
2019-01-23,EXR,SP500
2019-01-23,FRT,SP500
2019-01-23,HCP,SP500
2019-01-23,HST,SP500
2019-01-23,IRM,SP500
2019-01-23,KIM,SP500
2019-01-23,MAA,SP500
2019-01-23,MAC,SP500
2019-01-23,O,SP500
2019-01-23,PLD,SP500
2019-01-23,PSA,SP500
2019-01-23,REG,SP500
2019-01-23,SBAC,SP500
2019-01-23,SLG,SP500
2019-01-23,SPG,SP500
2019-01-23,UDR,SP500
2019-01-23,VNO,SP500
2019-01-23,VTR,SP500
2019-01-23,WELL,SP500
2019-01-23,WY,SP500
2019-02-01,AIV,SP500
2019-02-01,AMT,SP500
2019-02-01,ARE,SP500
2019-02-01,AVB,SP500
2019-02-01,BXP,SP500
2019-02-01,CBRE,SP500
2019-02-01,CCI,SP500
2019-02-01,DLR,SP500
2019-02-01,DRE,SP500
2019-02-01,EQIX,SP500
2019-02-01,EQR,SP500
2019-02-01,ESS,SP500
2019-02-01,EXR,SP500
2019-02-01,FRT,SP500
2019-02-01,HCP,SP500
2019-02-01,HST,SP500
2019-02-01,IRM,SP500
2019-02-01,KIM,SP500
2019-02-01,MAA,SP500
2019-02-01,MAC,SP500
2019-02-01,O,SP500
2019-02-01,PLD,SP500
2019-02-01,PSA,SP500
2019-02-01,REG,SP500
2019-02-01,SBAC,SP500
2019-02-01,SLG,SP500
2019-02-01,SPG,SP500
2019-02-01,UDR,SP500
2019-02-01,VNO,SP500
2019-02-01,VTR,SP500
2019-02-01,WELL,SP500
2019-02-01,WY,SP500
2019-03-01,AIV,SP500
2019-03-01,AMT,SP500
2019-03-01,ARE,SP500
2019-03-01,AVB,SP500
2019-03-01,BXP,SP500
2019-03-01,CBRE,SP500
2019-03-01,CCI,SP500
2019-03-01,DLR,SP500
2019-03-01,DRE,SP500
2019-03-01,EQIX,SP500
2019-03-01,EQR,SP500
2019-03-01,ESS,SP500
2019-03-01,EXR,SP500
2019-03-01,FRT,SP500
2019-03-01,HCP,SP500
2019-03-01,HST,SP500
2019-03-01,IRM,SP500
2019-03-01,KIM,SP500
2019-03-01,MAA,SP500
2019-03-01,MAC,SP500
2019-03-01,O,SP500
2019-03-01,PLD,SP500
2019-03-01,PSA,SP500
2019-03-01,REG,SP500
2019-03-01,SBAC,SP500
2019-03-01,SLG,SP500
2019-03-01,SPG,SP500
2019-03-01,UDR,SP500
2019-03-01,VNO,SP500
2019-03-01,VTR,SP500
2019-03-01,WELL,SP500
2019-03-01,WY,SP500
2019-04-02,AIV,SP500
2019-04-02,AMT,SP500
2019-04-02,ARE,SP500
2019-04-02,AVB,SP500
2019-04-02,BXP,SP500
2019-04-02,CBRE,SP500
2019-04-02,CCI,SP500
2019-04-02,DLR,SP500
2019-04-02,DRE,SP500
2019-04-02,EQIX,SP500
2019-04-02,EQR,SP500
2019-04-02,ESS,SP500
2019-04-02,EXR,SP500
2019-04-02,FRT,SP500
2019-04-02,HCP,SP500
2019-04-02,HST,SP500
2019-04-02,IRM,SP500
2019-04-02,KIM,SP500
2019-04-02,MAA,SP500
2019-04-02,MAC,SP500
2019-04-02,O,SP500
2019-04-02,PLD,SP500
2019-04-02,PSA,SP500
2019-04-02,REG,SP500
2019-04-02,SBAC,SP500
2019-04-02,SLG,SP500
2019-04-02,SPG,SP500
2019-04-02,UDR,SP500
2019-04-02,VNO,SP500
2019-04-02,VTR,SP500
2019-04-02,WELL,SP500
2019-04-02,WY,SP500
2019-05-01,AIV,SP500
2019-05-01,AMT,SP500
2019-05-01,ARE,SP500
2019-05-01,AVB,SP500
2019-05-01,BXP,SP500
2019-05-01,CBRE,SP500
2019-05-01,CCI,SP500
2019-05-01,DLR,SP500
2019-05-01,DRE,SP500
2019-05-01,EQIX,SP500
2019-05-01,EQR,SP500
2019-05-01,ESS,SP500
2019-05-01,EXR,SP500
2019-05-01,FRT,SP500
2019-05-01,HCP,SP500
2019-05-01,HST,SP500
2019-05-01,IRM,SP500
2019-05-01,KIM,SP500
2019-05-01,MAA,SP500
2019-05-01,MAC,SP500
2019-05-01,O,SP500
2019-05-01,PLD,SP500
2019-05-01,PSA,SP500
2019-05-01,REG,SP500
2019-05-01,SBAC,SP500
2019-05-01,SLG,SP500
2019-05-01,SPG,SP500
2019-05-01,UDR,SP500
2019-05-01,VNO,SP500
2019-05-01,VTR,SP500
2019-05-01,WELL,SP500
2019-05-01,WY,SP500
2019-06-07,AIV,SP500
2019-06-07,AMT,SP500
2019-06-07,ARE,SP500
2019-06-07,AVB,SP500
2019-06-07,BXP,SP500
2019-06-07,CBRE,SP500
2019-06-07,CCI,SP500
2019-06-07,DLR,SP500
2019-06-07,DRE,SP500
2019-06-07,EQIX,SP500
2019-06-07,EQR,SP500
2019-06-07,ESS,SP500
2019-06-07,EXR,SP500
2019-06-07,FRT,SP500
2019-06-07,HCP,SP500
2019-06-07,HST,SP500
2019-06-07,IRM,SP500
2019-06-07,KIM,SP500
2019-06-07,MAA,SP500
2019-06-07,MAC,SP500
2019-06-07,O,SP500
2019-06-07,PLD,SP500
2019-06-07,PSA,SP500
2019-06-07,REG,SP500
2019-06-07,SBAC,SP500
2019-06-07,SLG,SP500
2019-06-07,SPG,SP500
2019-06-07,UDR,SP500
2019-06-07,VNO,SP500
2019-06-07,VTR,SP500
2019-06-07,WELL,SP500
2019-06-07,WY,SP500
2019-07-02,AIV,SP500
2019-07-02,AMT,SP500
2019-07-02,ARE,SP500
2019-07-02,AVB,SP500
2019-07-02,BXP,SP500
2019-07-02,CBRE,SP500
2019-07-02,CCI,SP500
2019-07-02,DLR,SP500
2019-07-02,DRE,SP500
2019-07-02,EQIX,SP500
2019-07-02,EQR,SP500
2019-07-02,ESS,SP500
2019-07-02,EXR,SP500
2019-07-02,FRT,SP500
2019-07-02,HCP,SP500
2019-07-02,HST,SP500
2019-07-02,IRM,SP500
2019-07-02,KIM,SP500
2019-07-02,MAA,SP500
2019-07-02,MAC,SP500
2019-07-02,O,SP500
2019-07-02,PLD,SP500
2019-07-02,PSA,SP500
2019-07-02,REG,SP500
2019-07-02,SBAC,SP500
2019-07-02,SLG,SP500
2019-07-02,SPG,SP500
2019-07-02,UDR,SP500
2019-07-02,VNO,SP500
2019-07-02,VTR,SP500
2019-07-02,WELL,SP500
2019-07-02,WY,SP500
2019-08-06,AIV,SP500
2019-08-06,AMT,SP500
2019-08-06,ARE,SP500
2019-08-06,AVB,SP500
2019-08-06,BXP,SP500
2019-08-06,CBRE,SP500
2019-08-06,CCI,SP500
2019-08-06,DLR,SP500
2019-08-06,DRE,SP500
2019-08-06,EQIX,SP500
2019-08-06,EQR,SP500
2019-08-06,ESS,SP500
2019-08-06,EXR,SP500
2019-08-06,FRT,SP500
2019-08-06,HCP,SP500
2019-08-06,HST,SP500
2019-08-06,IRM,SP500
2019-08-06,KIM,SP500
2019-08-06,MAA,SP500
2019-08-06,MAC,SP500
2019-08-06,O,SP500
2019-08-06,PLD,SP500
2019-08-06,PSA,SP500
2019-08-06,REG,SP500
2019-08-06,SBAC,SP500
2019-08-06,SLG,SP500
2019-08-06,SPG,SP500
2019-08-06,UDR,SP500
2019-08-06,VNO,SP500
2019-08-06,VTR,SP500
2019-08-06,WELL,SP500
2019-08-06,WY,SP500
2019-09-04,AIV,SP500
2019-09-04,AMT,SP500
2019-09-04,ARE,SP500
2019-09-04,AVB,SP500
2019-09-04,BXP,SP500
2019-09-04,CBRE,SP500
2019-09-04,CCI,SP500
2019-09-04,DLR,SP500
2019-09-04,DRE,SP500
2019-09-04,EQIX,SP500
2019-09-04,EQR,SP500
2019-09-04,ESS,SP500
2019-09-04,EXR,SP500
2019-09-04,FRT,SP500
2019-09-04,HCP,SP500
2019-09-04,HST,SP500
2019-09-04,IRM,SP500
2019-09-04,KIM,SP500
2019-09-04,MAA,SP500
2019-09-04,MAC,SP500
2019-09-04,O,SP500
2019-09-04,PLD,SP500
2019-09-04,PSA,SP500
2019-09-04,REG,SP500
2019-09-04,SBAC,SP500
2019-09-04,SLG,SP500
2019-09-04,SPG,SP500
2019-09-04,UDR,SP500
2019-09-04,VNO,SP500
2019-09-04,VTR,SP500
2019-09-04,WELL,SP500
2019-09-04,WY,SP500
2020-04-01,AIV,SP500
2020-04-01,AMT,SP500
2020-04-01,ARE,SP500
2020-04-01,AVB,SP500
2020-04-01,BXP,SP500
2020-04-01,CBRE,SP500
2020-04-01,CCI,SP500
2020-04-01,DLR,SP500
2020-04-01,DRE,SP500
2020-04-01,EQIX,SP500
2020-04-01,EQR,SP500
2020-04-01,ESS,SP500
2020-04-01,EXR,SP500
2020-04-01,FRT,SP500
2020-04-01,HST,SP500
2020-04-01,IRM,SP500
2020-04-01,KIM,SP500
2020-04-01,MAA,SP500
2020-04-01,O,SP500
2020-04-01,PEAK,SP500
2020-04-01,PLD,SP500
2020-04-01,PSA,SP500
2020-04-01,REG,SP500
2020-04-01,SBAC,SP500
2020-04-01,SLG,SP500
2020-04-01,SPG,SP500
2020-04-01,UDR,SP500
2020-04-01,VNO,SP500
2020-04-01,VTR,SP500
2020-04-01,WELL,SP500
2020-04-01,WY,SP500
2020-05-01,AIV,SP500
2020-05-01,AMT,SP500
2020-05-01,ARE,SP500
2020-05-01,AVB,SP500
2020-05-01,BXP,SP500
2020-05-01,CBRE,SP500
2020-05-01,CCI,SP500
2020-05-01,DLR,SP500
2020-05-01,DRE,SP500
2020-05-01,EQIX,SP500
2020-05-01,EQR,SP500
2020-05-01,ESS,SP500
2020-05-01,EXR,SP500
2020-05-01,FRT,SP500
2020-05-01,HST,SP500
2020-05-01,IRM,SP500
2020-05-01,KIM,SP500
2020-05-01,MAA,SP500
2020-05-01,O,SP500
2020-05-01,PEAK,SP500
2020-05-01,PLD,SP500
2020-05-01,PSA,SP500
2020-05-01,REG,SP500
2020-05-01,SBAC,SP500
2020-05-01,SLG,SP500
2020-05-01,SPG,SP500
2020-05-01,UDR,SP500
2020-05-01,VNO,SP500
2020-05-01,VTR,SP500
2020-05-01,WELL,SP500
2020-05-01,WY,SP500
2020-06-02,AIV,SP500
2020-06-02,AMT,SP500
2020-06-02,ARE,SP500
2020-06-02,AVB,SP500
2020-06-02,BXP,SP500
2020-06-02,CBRE,SP500
2020-06-02,CCI,SP500
2020-06-02,DLR,SP500
2020-06-02,DRE,SP500
2020-06-02,EQIX,SP500
2020-06-02,EQR,SP500
2020-06-02,ESS,SP500
2020-06-02,EXR,SP500
2020-06-02,FRT,SP500
2020-06-02,HST,SP500
2020-06-02,IRM,SP500
2020-06-02,KIM,SP500
2020-06-02,MAA,SP500
2020-06-02,O,SP500
2020-06-02,PEAK,SP500
2020-06-02,PLD,SP500
2020-06-02,PSA,SP500
2020-06-02,REG,SP500
2020-06-02,SBAC,SP500
2020-06-02,SLG,SP500
2020-06-02,SPG,SP500
2020-06-02,UDR,SP500
2020-06-02,VNO,SP500
2020-06-02,VTR,SP500
2020-06-02,WELL,SP500
2020-06-02,WY,SP500
2020-07-01,AIV,SP500
2020-07-01,AMT,SP500
2020-07-01,ARE,SP500
2020-07-01,AVB,SP500
2020-07-01,BXP,SP500
2020-07-01,CBRE,SP500
2020-07-01,CCI,SP500
2020-07-01,DLR,SP500
2020-07-01,DRE,SP500
2020-07-01,EQIX,SP500
2020-07-01,EQR,SP500
2020-07-01,ESS,SP500
2020-07-01,EXR,SP500
2020-07-01,FRT,SP500
2020-07-01,HST,SP500
2020-07-01,IRM,SP500
2020-07-01,KIM,SP500
2020-07-01,MAA,SP500
2020-07-01,O,SP500
2020-07-01,PEAK,SP500
2020-07-01,PLD,SP500
2020-07-01,PSA,SP500
2020-07-01,REG,SP500
2020-07-01,SBAC,SP500
2020-07-01,SLG,SP500
2020-07-01,SPG,SP500
2020-07-01,UDR,SP500
2020-07-01,VNO,SP500
2020-07-01,VTR,SP500
2020-07-01,WELL,SP500
2020-07-01,WY,SP500
2020-08-01,AIV,SP500
2020-08-01,AMT,SP500
2020-08-01,ARE,SP500
2020-08-01,AVB,SP500
2020-08-01,BXP,SP500
2020-08-01,CBRE,SP500
2020-08-01,CCI,SP500
2020-08-01,DLR,SP500
2020-08-01,DRE,SP500
2020-08-01,EQIX,SP500
2020-08-01,EQR,SP500
2020-08-01,ESS,SP500
2020-08-01,EXR,SP500
2020-08-01,FRT,SP500
2020-08-01,HST,SP500
2020-08-01,IRM,SP500
2020-08-01,KIM,SP500
2020-08-01,MAA,SP500
2020-08-01,O,SP500
2020-08-01,PEAK,SP500
2020-08-01,PLD,SP500
2020-08-01,PSA,SP500
2020-08-01,REG,SP500
2020-08-01,SBAC,SP500
2020-08-01,SLG,SP500
2020-08-01,SPG,SP500
2020-08-01,UDR,SP500
2020-08-01,VNO,SP500
2020-08-01,VTR,SP500
2020-08-01,WELL,SP500
2020-08-01,WY,SP500
2020-09-01,AIV,SP500
2020-09-01,AMT,SP500
2020-09-01,ARE,SP500
2020-09-01,AVB,SP500
2020-09-01,BXP,SP500
2020-09-01,CBRE,SP500
2020-09-01,CCI,SP500
2020-09-01,DLR,SP500
2020-09-01,DRE,SP500
2020-09-01,EQIX,SP500
2020-09-01,EQR,SP500
2020-09-01,ESS,SP500
2020-09-01,EXR,SP500
2020-09-01,FRT,SP500
2020-09-01,HST,SP500
2020-09-01,IRM,SP500
2020-09-01,KIM,SP500
2020-09-01,MAA,SP500
2020-09-01,O,SP500
2020-09-01,PEAK,SP500
2020-09-01,PLD,SP500
2020-09-01,PSA,SP500
2020-09-01,REG,SP500
2020-09-01,SBAC,SP500
2020-09-01,SLG,SP500
2020-09-01,SPG,SP500
2020-09-01,UDR,SP500
2020-09-01,VNO,SP500
2020-09-01,VTR,SP500
2020-09-01,WELL,SP500
2020-09-01,WY,SP500
2020-10-01,AIV,SP500
2020-10-01,AMT,SP500
2020-10-01,ARE,SP500
2020-10-01,AVB,SP500
2020-10-01,BXP,SP500
2020-10-01,CBRE,SP500
2020-10-01,CCI,SP500
2020-10-01,DLR,SP500
2020-10-01,DRE,SP500
2020-10-01,EQIX,SP500
2020-10-01,EQR,SP500
2020-10-01,ESS,SP500
2020-10-01,EXR,SP500
2020-10-01,FRT,SP500
2020-10-01,HST,SP500
2020-10-01,IRM,SP500
2020-10-01,KIM,SP500
2020-10-01,MAA,SP500
2020-10-01,O,SP500
2020-10-01,PEAK,SP500
2020-10-01,PLD,SP500
2020-10-01,PSA,SP500
2020-10-01,REG,SP500
2020-10-01,SBAC,SP500
2020-10-01,SLG,SP500
2020-10-01,SPG,SP500
2020-10-01,UDR,SP500
2020-10-01,VNO,SP500
2020-10-01,VTR,SP500
2020-10-01,WELL,SP500
2020-10-01,WY,SP500
2020-11-03,AIV,SP500
2020-11-03,AMT,SP500
2020-11-03,ARE,SP500
2020-11-03,AVB,SP500
2020-11-03,BXP,SP500
2020-11-03,CBRE,SP500
2020-11-03,CCI,SP500
2020-11-03,DLR,SP500
2020-11-03,DRE,SP500
2020-11-03,EQIX,SP500
2020-11-03,EQR,SP500
2020-11-03,ESS,SP500
2020-11-03,EXR,SP500
2020-11-03,FRT,SP500
2020-11-03,HST,SP500
2020-11-03,IRM,SP500
2020-11-03,KIM,SP500
2020-11-03,MAA,SP500
2020-11-03,O,SP500
2020-11-03,PEAK,SP500
2020-11-03,PLD,SP500
2020-11-03,PSA,SP500
2020-11-03,REG,SP500
2020-11-03,SBAC,SP500
2020-11-03,SLG,SP500
2020-11-03,SPG,SP500
2020-11-03,UDR,SP500
2020-11-03,VNO,SP500
2020-11-03,VTR,SP500
2020-11-03,WELL,SP500
2020-11-03,WY,SP500
2020-12-01,AIV,SP500
2020-12-01,AMT,SP500
2020-12-01,ARE,SP500
2020-12-01,AVB,SP500
2020-12-01,BXP,SP500
2020-12-01,CBRE,SP500
2020-12-01,CCI,SP500
2020-12-01,DLR,SP500
2020-12-01,DRE,SP500
2020-12-01,EQIX,SP500
2020-12-01,EQR,SP500
2020-12-01,ESS,SP500
2020-12-01,EXR,SP500
2020-12-01,FRT,SP500
2020-12-01,HST,SP500
2020-12-01,IRM,SP500
2020-12-01,KIM,SP500
2020-12-01,MAA,SP500
2020-12-01,O,SP500
2020-12-01,PEAK,SP500
2020-12-01,PLD,SP500
2020-12-01,PSA,SP500
2020-12-01,REG,SP500
2020-12-01,SBAC,SP500
2020-12-01,SLG,SP500
2020-12-01,SPG,SP500
2020-12-01,UDR,SP500
2020-12-01,VNO,SP500
2020-12-01,VTR,SP500
2020-12-01,WELL,SP500
2020-12-01,WY,SP500
2021-01-01,AMT,SP500
2021-01-01,ARE,SP500
2021-01-01,AVB,SP500
2021-01-01,BXP,SP500
2021-01-01,CBRE,SP500
2021-01-01,CCI,SP500
2021-01-01,DLR,SP500
2021-01-01,DRE,SP500
2021-01-01,EQIX,SP500
2021-01-01,EQR,SP500
2021-01-01,ESS,SP500
2021-01-01,EXR,SP500
2021-01-01,FRT,SP500
2021-01-01,HST,SP500
2021-01-01,IRM,SP500
2021-01-01,KIM,SP500
2021-01-01,MAA,SP500
2021-01-01,O,SP500
2021-01-01,PEAK,SP500
2021-01-01,PLD,SP500
2021-01-01,PSA,SP500
2021-01-01,REG,SP500
2021-01-01,SBAC,SP500
2021-01-01,SLG,SP500
2021-01-01,SPG,SP500
2021-01-01,UDR,SP500
2021-01-01,VNO,SP500
2021-01-01,VTR,SP500
2021-01-01,WELL,SP500
2021-01-01,WY,SP500
2021-02-02,AMT,SP500
2021-02-02,ARE,SP500
2021-02-02,AVB,SP500
2021-02-02,BXP,SP500
2021-02-02,CBRE,SP500
2021-02-02,CCI,SP500
2021-02-02,DLR,SP500
2021-02-02,DRE,SP500
2021-02-02,EQIX,SP500
2021-02-02,EQR,SP500
2021-02-02,ESS,SP500
2021-02-02,EXR,SP500
2021-02-02,FRT,SP500
2021-02-02,HST,SP500
2021-02-02,IRM,SP500
2021-02-02,KIM,SP500
2021-02-02,MAA,SP500
2021-02-02,O,SP500
2021-02-02,PEAK,SP500
2021-02-02,PLD,SP500
2021-02-02,PSA,SP500
2021-02-02,REG,SP500
2021-02-02,SBAC,SP500
2021-02-02,SLG,SP500
2021-02-02,SPG,SP500
2021-02-02,UDR,SP500
2021-02-02,VNO,SP500
2021-02-02,VTR,SP500
2021-02-02,WELL,SP500
2021-02-02,WY,SP500
2021-03-02,AMT,SP500
2021-03-02,ARE,SP500
2021-03-02,AVB,SP500
2021-03-02,BXP,SP500
2021-03-02,CBRE,SP500
2021-03-02,CCI,SP500
2021-03-02,DLR,SP500
2021-03-02,DRE,SP500
2021-03-02,EQIX,SP500
2021-03-02,EQR,SP500
2021-03-02,ESS,SP500
2021-03-02,EXR,SP500
2021-03-02,FRT,SP500
2021-03-02,HST,SP500
2021-03-02,IRM,SP500
2021-03-02,KIM,SP500
2021-03-02,MAA,SP500
2021-03-02,O,SP500
2021-03-02,PEAK,SP500
2021-03-02,PLD,SP500
2021-03-02,PSA,SP500
2021-03-02,REG,SP500
2021-03-02,SBAC,SP500
2021-03-02,SLG,SP500
2021-03-02,SPG,SP500
2021-03-02,UDR,SP500
2021-03-02,VNO,SP500
2021-03-02,VTR,SP500
2021-03-02,WELL,SP500
2021-03-02,WY,SP500
2021-04-01,AMT,SP500
2021-04-01,ARE,SP500
2021-04-01,AVB,SP500
2021-04-01,BXP,SP500
2021-04-01,CBRE,SP500
2021-04-01,CCI,SP500
2021-04-01,DLR,SP500
2021-04-01,DRE,SP500
2021-04-01,EQIX,SP500
2021-04-01,EQR,SP500
2021-04-01,ESS,SP500
2021-04-01,EXR,SP500
2021-04-01,FRT,SP500
2021-04-01,HST,SP500
2021-04-01,IRM,SP500
2021-04-01,KIM,SP500
2021-04-01,MAA,SP500
2021-04-01,O,SP500
2021-04-01,PEAK,SP500
2021-04-01,PLD,SP500
2021-04-01,PSA,SP500
2021-04-01,REG,SP500
2021-04-01,SBAC,SP500
2021-04-01,SPG,SP500
2021-04-01,UDR,SP500
2021-04-01,VNO,SP500
2021-04-01,VTR,SP500
2021-04-01,WELL,SP500
2021-04-01,WY,SP500
2021-05-01,AMT,SP500
2021-05-01,ARE,SP500
2021-05-01,AVB,SP500
2021-05-01,BXP,SP500
2021-05-01,CBRE,SP500
2021-05-01,CCI,SP500
2021-05-01,DLR,SP500
2021-05-01,DRE,SP500
2021-05-01,EQIX,SP500
2021-05-01,EQR,SP500
2021-05-01,ESS,SP500
2021-05-01,EXR,SP500
2021-05-01,FRT,SP500
2021-05-01,HST,SP500
2021-05-01,IRM,SP500
2021-05-01,KIM,SP500
2021-05-01,MAA,SP500
2021-05-01,O,SP500
2021-05-01,PEAK,SP500
2021-05-01,PLD,SP500
2021-05-01,PSA,SP500
2021-05-01,REG,SP500
2021-05-01,SBAC,SP500
2021-05-01,SPG,SP500
2021-05-01,UDR,SP500
2021-05-01,VNO,SP500
2021-05-01,VTR,SP500
2021-05-01,WELL,SP500
2021-05-01,WY,SP500
2021-06-02,AMT,SP500
2021-06-02,ARE,SP500
2021-06-02,AVB,SP500
2021-06-02,BXP,SP500
2021-06-02,CBRE,SP500
2021-06-02,CCI,SP500
2021-06-02,DLR,SP500
2021-06-02,DRE,SP500
2021-06-02,EQIX,SP500
2021-06-02,EQR,SP500
2021-06-02,ESS,SP500
2021-06-02,EXR,SP500
2021-06-02,FRT,SP500
2021-06-02,HST,SP500
2021-06-02,IRM,SP500
2021-06-02,KIM,SP500
2021-06-02,MAA,SP500
2021-06-02,O,SP500
2021-06-02,PEAK,SP500
2021-06-02,PLD,SP500
2021-06-02,PSA,SP500
2021-06-02,REG,SP500
2021-06-02,SBAC,SP500
2021-06-02,SPG,SP500
2021-06-02,UDR,SP500
2021-06-02,VNO,SP500
2021-06-02,VTR,SP500
2021-06-02,WELL,SP500
2021-06-02,WY,SP500
2021-07-01,AMT,SP500
2021-07-01,ARE,SP500
2021-07-01,AVB,SP500
2021-07-01,BXP,SP500
2021-07-01,CBRE,SP500
2021-07-01,CCI,SP500
2021-07-01,DLR,SP500
2021-07-01,DRE,SP500
2021-07-01,EQIX,SP500
2021-07-01,EQR,SP500
2021-07-01,ESS,SP500
2021-07-01,EXR,SP500
2021-07-01,FRT,SP500
2021-07-01,HST,SP500
2021-07-01,IRM,SP500
2021-07-01,KIM,SP500
2021-07-01,MAA,SP500
2021-07-01,O,SP500
2021-07-01,PEAK,SP500
2021-07-01,PLD,SP500
2021-07-01,PSA,SP500
2021-07-01,REG,SP500
2021-07-01,SBAC,SP500
2021-07-01,SPG,SP500
2021-07-01,UDR,SP500
2021-07-01,VNO,SP500
2021-07-01,VTR,SP500
2021-07-01,WELL,SP500
2021-07-01,WY,SP500
2021-08-03,AMT,SP500
2021-08-03,ARE,SP500
2021-08-03,AVB,SP500
2021-08-03,BXP,SP500
2021-08-03,CBRE,SP500
2021-08-03,CCI,SP500
2021-08-03,DLR,SP500
2021-08-03,DRE,SP500
2021-08-03,EQIX,SP500
2021-08-03,EQR,SP500
2021-08-03,ESS,SP500
2021-08-03,EXR,SP500
2021-08-03,FRT,SP500
2021-08-03,HST,SP500
2021-08-03,IRM,SP500
2021-08-03,KIM,SP500
2021-08-03,MAA,SP500
2021-08-03,O,SP500
2021-08-03,PEAK,SP500
2021-08-03,PLD,SP500
2021-08-03,PSA,SP500
2021-08-03,REG,SP500
2021-08-03,SBAC,SP500
2021-08-03,SPG,SP500
2021-08-03,UDR,SP500
2021-08-03,VNO,SP500
2021-08-03,VTR,SP500
2021-08-03,WELL,SP500
2021-08-03,WY,SP500
2021-09-01,AMT,SP500
2021-09-01,ARE,SP500
2021-09-01,AVB,SP500
2021-09-01,BXP,SP500
2021-09-01,CBRE,SP500
2021-09-01,CCI,SP500
2021-09-01,DLR,SP500
2021-09-01,DRE,SP500
2021-09-01,EQIX,SP500
2021-09-01,EQR,SP500
2021-09-01,ESS,SP500
2021-09-01,EXR,SP500
2021-09-01,FRT,SP500
2021-09-01,HST,SP500
2021-09-01,IRM,SP500
2021-09-01,KIM,SP500
2021-09-01,MAA,SP500
2021-09-01,O,SP500
2021-09-01,PEAK,SP500
2021-09-01,PLD,SP500
2021-09-01,PSA,SP500
2021-09-01,REG,SP500
2021-09-01,SBAC,SP500
2021-09-01,SPG,SP500
2021-09-01,UDR,SP500
2021-09-01,VNO,SP500
2021-09-01,VTR,SP500
2021-09-01,WELL,SP500
2021-09-01,WY,SP500
2021-10-01,AMT,SP500
2021-10-01,ARE,SP500
2021-10-01,AVB,SP500
2021-10-01,BXP,SP500
2021-10-01,CBRE,SP500
2021-10-01,CCI,SP500
2021-10-01,DLR,SP500
2021-10-01,DRE,SP500
2021-10-01,EQIX,SP500
2021-10-01,EQR,SP500
2021-10-01,ESS,SP500
2021-10-01,EXR,SP500
2021-10-01,FRT,SP500
2021-10-01,HST,SP500
2021-10-01,IRM,SP500
2021-10-01,KIM,SP500
2021-10-01,MAA,SP500
2021-10-01,O,SP500
2021-10-01,PEAK,SP500
2021-10-01,PLD,SP500
2021-10-01,PSA,SP500
2021-10-01,REG,SP500
2021-10-01,SBAC,SP500
2021-10-01,SPG,SP500
2021-10-01,UDR,SP500
2021-10-01,VNO,SP500
2021-10-01,VTR,SP500
2021-10-01,WELL,SP500
2021-10-01,WY,SP500
2021-11-02,AMT,SP500
2021-11-02,ARE,SP500
2021-11-02,AVB,SP500
2021-11-02,BXP,SP500
2021-11-02,CBRE,SP500
2021-11-02,CCI,SP500
2021-11-02,DLR,SP500
2021-11-02,DRE,SP500
2021-11-02,EQIX,SP500
2021-11-02,EQR,SP500
2021-11-02,ESS,SP500
2021-11-02,EXR,SP500
2021-11-02,FRT,SP500
2021-11-02,HST,SP500
2021-11-02,IRM,SP500
2021-11-02,KIM,SP500
2021-11-02,MAA,SP500
2021-11-02,O,SP500
2021-11-02,PEAK,SP500
2021-11-02,PLD,SP500
2021-11-02,PSA,SP500
2021-11-02,REG,SP500
2021-11-02,SBAC,SP500
2021-11-02,SPG,SP500
2021-11-02,UDR,SP500
2021-11-02,VNO,SP500
2021-11-02,VTR,SP500
2021-11-02,WELL,SP500
2021-11-02,WY,SP500
2021-12-01,AMT,SP500
2021-12-01,ARE,SP500
2021-12-01,AVB,SP500
2021-12-01,BXP,SP500
2021-12-01,CBRE,SP500
2021-12-01,CCI,SP500
2021-12-01,DLR,SP500
2021-12-01,DRE,SP500
2021-12-01,EQIX,SP500
2021-12-01,EQR,SP500
2021-12-01,ESS,SP500
2021-12-01,EXR,SP500
2021-12-01,FRT,SP500
2021-12-01,HST,SP500
2021-12-01,IRM,SP500
2021-12-01,KIM,SP500
2021-12-01,MAA,SP500
2021-12-01,O,SP500
2021-12-01,PEAK,SP500
2021-12-01,PLD,SP500
2021-12-01,PSA,SP500
2021-12-01,REG,SP500
2021-12-01,SBAC,SP500
2021-12-01,SPG,SP500
2021-12-01,UDR,SP500
2021-12-01,VNO,SP500
2021-12-01,VTR,SP500
2021-12-01,WELL,SP500
2021-12-01,WY,SP500
2022-01-01,AMT,SP500
2022-01-01,ARE,SP500
2022-01-01,AVB,SP500
2022-01-01,BXP,SP500
2022-01-01,CBRE,SP500
2022-01-01,CCI,SP500
2022-01-01,DLR,SP500
2022-01-01,DRE,SP500
2022-01-01,EQIX,SP500
2022-01-01,EQR,SP500
2022-01-01,ESS,SP500
2022-01-01,EXR,SP500
2022-01-01,FRT,SP500
2022-01-01,HST,SP500
2022-01-01,IRM,SP500
2022-01-01,KIM,SP500
2022-01-01,MAA,SP500
2022-01-01,O,SP500
2022-01-01,PEAK,SP500
2022-01-01,PLD,SP500
2022-01-01,PSA,SP500
2022-01-01,REG,SP500
2022-01-01,SBAC,SP500
2022-01-01,SPG,SP500
2022-01-01,UDR,SP500
2022-01-01,VNO,SP500
2022-01-01,VTR,SP500
2022-01-01,WELL,SP500
2022-01-01,WY,SP500
2022-02-01,AMT,SP500
2022-02-01,ARE,SP500
2022-02-01,AVB,SP500
2022-02-01,BXP,SP500
2022-02-01,CBRE,SP500
2022-02-01,CCI,SP500
2022-02-01,DLR,SP500
2022-02-01,DRE,SP500
2022-02-01,EQIX,SP500
2022-02-01,EQR,SP500
2022-02-01,ESS,SP500
2022-02-01,EXR,SP500
2022-02-01,FRT,SP500
2022-02-01,HST,SP500
2022-02-01,IRM,SP500
2022-02-01,KIM,SP500
2022-02-01,MAA,SP500
2022-02-01,O,SP500
2022-02-01,PEAK,SP500
2022-02-01,PLD,SP500
2022-02-01,PSA,SP500
2022-02-01,REG,SP500
2022-02-01,SBAC,SP500
2022-02-01,SPG,SP500
2022-02-01,UDR,SP500
2022-02-01,VNO,SP500
2022-02-01,VTR,SP500
2022-02-01,WELL,SP500
2022-02-01,WY,SP500
2022-03-01,AMT,SP500
2022-03-01,ARE,SP500
2022-03-01,AVB,SP500
2022-03-01,BXP,SP500
2022-03-01,CBRE,SP500
2022-03-01,CCI,SP500
2022-03-01,DLR,SP500
2022-03-01,DRE,SP500
2022-03-01,EQIX,SP500
2022-03-01,EQR,SP500
2022-03-01,ESS,SP500
2022-03-01,EXR,SP500
2022-03-01,FRT,SP500
2022-03-01,HST,SP500
2022-03-01,IRM,SP500
2022-03-01,KIM,SP500
2022-03-01,MAA,SP500
2022-03-01,O,SP500
2022-03-01,PEAK,SP500
2022-03-01,PLD,SP500
2022-03-01,PSA,SP500
2022-03-01,REG,SP500
2022-03-01,SBAC,SP500
2022-03-01,SPG,SP500
2022-03-01,UDR,SP500
2022-03-01,VNO,SP500
2022-03-01,VTR,SP500
2022-03-01,WELL,SP500
2022-03-01,WY,SP500
2022-04-01,AMT,SP500
2022-04-01,ARE,SP500
2022-04-01,AVB,SP500
2022-04-01,BXP,SP500
2022-04-01,CBRE,SP500
2022-04-01,CCI,SP500
2022-04-01,DLR,SP500
2022-04-01,DRE,SP500
2022-04-01,EQIX,SP500
2022-04-01,EQR,SP500
2022-04-01,ESS,SP500
2022-04-01,EXR,SP500
2022-04-01,FRT,SP500
2022-04-01,HST,SP500
2022-04-01,IRM,SP500
2022-04-01,KIM,SP500
2022-04-01,MAA,SP500
2022-04-01,O,SP500
2022-04-01,PEAK,SP500
2022-04-01,PLD,SP500
2022-04-01,PSA,SP500
2022-04-01,REG,SP500
2022-04-01,SBAC,SP500
2022-04-01,SPG,SP500
2022-04-01,UDR,SP500
2022-04-01,VNO,SP500
2022-04-01,VTR,SP500
2022-04-01,WELL,SP500
2022-04-01,WY,SP500
2022-05-03,AMT,SP500
2022-05-03,ARE,SP500
2022-05-03,AVB,SP500
2022-05-03,BXP,SP500
2022-05-03,CBRE,SP500
2022-05-03,CCI,SP500
2022-05-03,CPT,SP500
2022-05-03,DLR,SP500
2022-05-03,DRE,SP500
2022-05-03,EQIX,SP500
2022-05-03,EQR,SP500
2022-05-03,ESS,SP500
2022-05-03,EXR,SP500
2022-05-03,FRT,SP500
2022-05-03,HST,SP500
2022-05-03,IRM,SP500
2022-05-03,KIM,SP500
2022-05-03,MAA,SP500
2022-05-03,O,SP500
2022-05-03,PEAK,SP500
2022-05-03,PLD,SP500
2022-05-03,PSA,SP500
2022-05-03,REG,SP500
2022-05-03,SBAC,SP500
2022-05-03,SPG,SP500
2022-05-03,UDR,SP500
2022-05-03,VNO,SP500
2022-05-03,VTR,SP500
2022-05-03,WELL,SP500
2022-05-03,WY,SP500
2022-06-02,AMT,SP500
2022-06-02,ARE,SP500
2022-06-02,AVB,SP500
2022-06-02,BXP,SP500
2022-06-02,CBRE,SP500
2022-06-02,CCI,SP500
2022-06-02,CPT,SP500
2022-06-02,DLR,SP500
2022-06-02,DRE,SP500
2022-06-02,EQIX,SP500
2022-06-02,EQR,SP500
2022-06-02,ESS,SP500
2022-06-02,EXR,SP500
2022-06-02,FRT,SP500
2022-06-02,HST,SP500
2022-06-02,IRM,SP500
2022-06-02,KIM,SP500
2022-06-02,MAA,SP500
2022-06-02,O,SP500
2022-06-02,PEAK,SP500
2022-06-02,PLD,SP500
2022-06-02,PSA,SP500
2022-06-02,REG,SP500
2022-06-02,SBAC,SP500
2022-06-02,SPG,SP500
2022-06-02,UDR,SP500
2022-06-02,VNO,SP500
2022-06-02,VTR,SP500
2022-06-02,WELL,SP500
2022-06-02,WY,SP500
2022-07-01,AMT,SP500
2022-07-01,ARE,SP500
2022-07-01,AVB,SP500
2022-07-01,BXP,SP500
2022-07-01,CBRE,SP500
2022-07-01,CCI,SP500
2022-07-01,CPT,SP500
2022-07-01,DLR,SP500
2022-07-01,DRE,SP500
2022-07-01,EQIX,SP500
2022-07-01,EQR,SP500
2022-07-01,ESS,SP500
2022-07-01,EXR,SP500
2022-07-01,FRT,SP500
2022-07-01,HST,SP500
2022-07-01,IRM,SP500
2022-07-01,KIM,SP500
2022-07-01,MAA,SP500
2022-07-01,O,SP500
2022-07-01,PEAK,SP500
2022-07-01,PLD,SP500
2022-07-01,PSA,SP500
2022-07-01,REG,SP500
2022-07-01,SBAC,SP500
2022-07-01,SPG,SP500
2022-07-01,UDR,SP500
2022-07-01,VICI,SP500
2022-07-01,VNO,SP500
2022-07-01,VTR,SP500
2022-07-01,WELL,SP500
2022-07-01,WY,SP500
2022-08-02,AMT,SP500
2022-08-02,ARE,SP500
2022-08-02,AVB,SP500
2022-08-02,BXP,SP500
2022-08-02,CBRE,SP500
2022-08-02,CCI,SP500
2022-08-02,CPT,SP500
2022-08-02,DLR,SP500
2022-08-02,DRE,SP500
2022-08-02,EQIX,SP500
2022-08-02,EQR,SP500
2022-08-02,ESS,SP500
2022-08-02,EXR,SP500
2022-08-02,FRT,SP500
2022-08-02,HST,SP500
2022-08-02,IRM,SP500
2022-08-02,KIM,SP500
2022-08-02,MAA,SP500
2022-08-02,O,SP500
2022-08-02,PEAK,SP500
2022-08-02,PLD,SP500
2022-08-02,PSA,SP500
2022-08-02,REG,SP500
2022-08-02,SBAC,SP500
2022-08-02,SPG,SP500
2022-08-02,UDR,SP500
2022-08-02,VICI,SP500
2022-08-02,VNO,SP500
2022-08-02,VTR,SP500
2022-08-02,WELL,SP500
2022-08-02,WY,SP500
2022-09-01,AMT,SP500
2022-09-01,ARE,SP500
2022-09-01,AVB,SP500
2022-09-01,BXP,SP500
2022-09-01,CBRE,SP500
2022-09-01,CCI,SP500
2022-09-01,CPT,SP500
2022-09-01,DLR,SP500
2022-09-01,DRE,SP500
2022-09-01,EQIX,SP500
2022-09-01,EQR,SP500
2022-09-01,ESS,SP500
2022-09-01,EXR,SP500
2022-09-01,FRT,SP500
2022-09-01,HST,SP500
2022-09-01,IRM,SP500
2022-09-01,KIM,SP500
2022-09-01,MAA,SP500
2022-09-01,O,SP500
2022-09-01,PEAK,SP500
2022-09-01,PLD,SP500
2022-09-01,PSA,SP500
2022-09-01,REG,SP500
2022-09-01,SBAC,SP500
2022-09-01,SPG,SP500
2022-09-01,UDR,SP500
2022-09-01,VICI,SP500
2022-09-01,VNO,SP500
2022-09-01,VTR,SP500
2022-09-01,WELL,SP500
2022-09-01,WY,SP500
2022-10-01,AMT,SP500
2022-10-01,ARE,SP500
2022-10-01,AVB,SP500
2022-10-01,BXP,SP500
2022-10-01,CBRE,SP500
2022-10-01,CCI,SP500
2022-10-01,CPT,SP500
2022-10-01,DLR,SP500
2022-10-01,DRE,SP500
2022-10-01,EQIX,SP500
2022-10-01,EQR,SP500
2022-10-01,ESS,SP500
2022-10-01,EXR,SP500
2022-10-01,FRT,SP500
2022-10-01,HST,SP500
2022-10-01,INVH,SP500
2022-10-01,IRM,SP500
2022-10-01,KIM,SP500
2022-10-01,MAA,SP500
2022-10-01,O,SP500
2022-10-01,PEAK,SP500
2022-10-01,PLD,SP500
2022-10-01,PSA,SP500
2022-10-01,REG,SP500
2022-10-01,SBAC,SP500
2022-10-01,SPG,SP500
2022-10-01,UDR,SP500
2022-10-01,VICI,SP500
2022-10-01,VNO,SP500
2022-10-01,VTR,SP500
2022-10-01,WELL,SP500
2022-10-01,WY,SP500
2022-11-01,AMT,SP500
2022-11-01,ARE,SP500
2022-11-01,AVB,SP500
2022-11-01,BXP,SP500
2022-11-01,CBRE,SP500
2022-11-01,CCI,SP500
2022-11-01,CPT,SP500
2022-11-01,DLR,SP500
2022-11-01,EQIX,SP500
2022-11-01,EQR,SP500
2022-11-01,ESS,SP500
2022-11-01,EXR,SP500
2022-11-01,FRT,SP500
2022-11-01,HST,SP500
2022-11-01,INVH,SP500
2022-11-01,IRM,SP500
2022-11-01,KIM,SP500
2022-11-01,MAA,SP500
2022-11-01,O,SP500
2022-11-01,PEAK,SP500
2022-11-01,PLD,SP500
2022-11-01,PSA,SP500
2022-11-01,REG,SP500
2022-11-01,SBAC,SP500
2022-11-01,SPG,SP500
2022-11-01,UDR,SP500
2022-11-01,VICI,SP500
2022-11-01,VNO,SP500
2022-11-01,VTR,SP500
2022-11-01,WELL,SP500
2022-11-01,WY,SP500
2022-12-01,AMT,SP500
2022-12-01,ARE,SP500
2022-12-01,AVB,SP500
2022-12-01,BXP,SP500
2022-12-01,CBRE,SP500
2022-12-01,CCI,SP500
2022-12-01,CPT,SP500
2022-12-01,DLR,SP500
2022-12-01,EQIX,SP500
2022-12-01,EQR,SP500
2022-12-01,ESS,SP500
2022-12-01,EXR,SP500
2022-12-01,FRT,SP500
2022-12-01,HST,SP500
2022-12-01,INVH,SP500
2022-12-01,IRM,SP500
2022-12-01,KIM,SP500
2022-12-01,MAA,SP500
2022-12-01,O,SP500
2022-12-01,PEAK,SP500
2022-12-01,PLD,SP500
2022-12-01,PSA,SP500
2022-12-01,REG,SP500
2022-12-01,SBAC,SP500
2022-12-01,SPG,SP500
2022-12-01,UDR,SP500
2022-12-01,VICI,SP500
2022-12-01,VNO,SP500
2022-12-01,VTR,SP500
2022-12-01,WELL,SP500
2022-12-01,WY,SP500
2023-01-04,AMT,SP500
2023-01-04,ARE,SP500
2023-01-04,AVB,SP500
2023-01-04,BXP,SP500
2023-01-04,CBRE,SP500
2023-01-04,CCI,SP500
2023-01-04,CPT,SP500
2023-01-04,DLR,SP500
2023-01-04,EQIX,SP500
2023-01-04,EQR,SP500
2023-01-04,ESS,SP500
2023-01-04,EXR,SP500
2023-01-04,FRT,SP500
2023-01-04,HST,SP500
2023-01-04,INVH,SP500
2023-01-04,IRM,SP500
2023-01-04,KIM,SP500
2023-01-04,MAA,SP500
2023-01-04,O,SP500
2023-01-04,PEAK,SP500
2023-01-04,PLD,SP500
2023-01-04,PSA,SP500
2023-01-04,REG,SP500
2023-01-04,SBAC,SP500
2023-01-04,SPG,SP500
2023-01-04,UDR,SP500
2023-01-04,VICI,SP500
2023-01-04,VNO,SP500
2023-01-04,VTR,SP500
2023-01-04,WELL,SP500
2023-01-04,WY,SP500
2023-04-11,AMT,SP500
2023-04-11,ARE,SP500
2023-04-11,AVB,SP500
2023-04-11,BXP,SP500
2023-04-11,CBRE,SP500
2023-04-11,CCI,SP500
2023-04-11,CPT,SP500
2023-04-11,DLR,SP500
2023-04-11,EQIX,SP500
2023-04-11,EQR,SP500
2023-04-11,ESS,SP500
2023-04-11,EXR,SP500
2023-04-11,FRT,SP500
2023-04-11,HST,SP500
2023-04-11,INVH,SP500
2023-04-11,IRM,SP500
2023-04-11,KIM,SP500
2023-04-11,MAA,SP500
2023-04-11,O,SP500
2023-04-11,PEAK,SP500
2023-04-11,PLD,SP500
2023-04-11,PSA,SP500
2023-04-11,REG,SP500
2023-04-11,SBAC,SP500
2023-04-11,SPG,SP500
2023-04-11,UDR,SP500
2023-04-11,VICI,SP500
2023-04-11,VTR,SP500
2023-04-11,WELL,SP500
2023-04-11,WY,SP500
2023-05-02,AMT,SP500
2023-05-02,ARE,SP500
2023-05-02,AVB,SP500
2023-05-02,BXP,SP500
2023-05-02,CBRE,SP500
2023-05-02,CCI,SP500
2023-05-02,CPT,SP500
2023-05-02,DLR,SP500
2023-05-02,EQIX,SP500
2023-05-02,EQR,SP500
2023-05-02,ESS,SP500
2023-05-02,EXR,SP500
2023-05-02,FRT,SP500
2023-05-02,HST,SP500
2023-05-02,INVH,SP500
2023-05-02,IRM,SP500
2023-05-02,KIM,SP500
2023-05-02,MAA,SP500
2023-05-02,O,SP500
2023-05-02,PEAK,SP500
2023-05-02,PLD,SP500
2023-05-02,PSA,SP500
2023-05-02,REG,SP500
2023-05-02,SBAC,SP500
2023-05-02,SPG,SP500
2023-05-02,UDR,SP500
2023-05-02,VICI,SP500
2023-05-02,VTR,SP500
2023-05-02,WELL,SP500
2023-05-02,WY,SP500
2023-06-01,AMT,SP500
2023-06-01,ARE,SP500
2023-06-01,AVB,SP500
2023-06-01,BXP,SP500
2023-06-01,CBRE,SP500
2023-06-01,CCI,SP500
2023-06-01,CPT,SP500
2023-06-01,DLR,SP500
2023-06-01,EQIX,SP500
2023-06-01,EQR,SP500
2023-06-01,ESS,SP500
2023-06-01,EXR,SP500
2023-06-01,FRT,SP500
2023-06-01,HST,SP500
2023-06-01,INVH,SP500
2023-06-01,IRM,SP500
2023-06-01,KIM,SP500
2023-06-01,MAA,SP500
2023-06-01,O,SP500
2023-06-01,PEAK,SP500
2023-06-01,PLD,SP500
2023-06-01,PSA,SP500
2023-06-01,REG,SP500
2023-06-01,SBAC,SP500
2023-06-01,SPG,SP500
2023-06-01,UDR,SP500
2023-06-01,VICI,SP500
2023-06-01,VTR,SP500
2023-06-01,WELL,SP500
2023-06-01,WY,SP500
2023-07-01,AMT,SP500
2023-07-01,ARE,SP500
2023-07-01,AVB,SP500
2023-07-01,BXP,SP500
2023-07-01,CBRE,SP500
2023-07-01,CCI,SP500
2023-07-01,CPT,SP500
2023-07-01,CSGP,SP500
2023-07-01,DLR,SP500
2023-07-01,EQIX,SP500
2023-07-01,EQR,SP500
2023-07-01,ESS,SP500
2023-07-01,EXR,SP500
2023-07-01,FRT,SP500
2023-07-01,HST,SP500
2023-07-01,INVH,SP500
2023-07-01,IRM,SP500
2023-07-01,KIM,SP500
2023-07-01,MAA,SP500
2023-07-01,O,SP500
2023-07-01,PEAK,SP500
2023-07-01,PLD,SP500
2023-07-01,PSA,SP500
2023-07-01,REG,SP500
2023-07-01,SBAC,SP500
2023-07-01,SPG,SP500
2023-07-01,UDR,SP500
2023-07-01,VICI,SP500
2023-07-01,VTR,SP500
2023-07-01,WELL,SP500
2023-07-01,WY,SP500
2023-08-01,AMT,SP500
2023-08-01,ARE,SP500
2023-08-01,AVB,SP500
2023-08-01,BXP,SP500
2023-08-01,CBRE,SP500
2023-08-01,CCI,SP500
2023-08-01,CPT,SP500
2023-08-01,CSGP,SP500
2023-08-01,DLR,SP500
2023-08-01,EQIX,SP500
2023-08-01,EQR,SP500
2023-08-01,ESS,SP500
2023-08-01,EXR,SP500
2023-08-01,FRT,SP500
2023-08-01,HST,SP500
2023-08-01,INVH,SP500
2023-08-01,IRM,SP500
2023-08-01,KIM,SP500
2023-08-01,MAA,SP500
2023-08-01,O,SP500
2023-08-01,PEAK,SP500
2023-08-01,PLD,SP500
2023-08-01,PSA,SP500
2023-08-01,REG,SP500
2023-08-01,SBAC,SP500
2023-08-01,SPG,SP500
2023-08-01,UDR,SP500
2023-08-01,VICI,SP500
2023-08-01,VTR,SP500
2023-08-01,WELL,SP500
2023-08-01,WY,SP500
2023-09-01,AMT,SP500
2023-09-01,ARE,SP500
2023-09-01,AVB,SP500
2023-09-01,BXP,SP500
2023-09-01,CBRE,SP500
2023-09-01,CCI,SP500
2023-09-01,CPT,SP500
2023-09-01,CSGP,SP500
2023-09-01,DLR,SP500
2023-09-01,EQIX,SP500
2023-09-01,EQR,SP500
2023-09-01,ESS,SP500
2023-09-01,EXR,SP500
2023-09-01,FRT,SP500
2023-09-01,HST,SP500
2023-09-01,INVH,SP500
2023-09-01,IRM,SP500
2023-09-01,KIM,SP500
2023-09-01,MAA,SP500
2023-09-01,O,SP500
2023-09-01,PEAK,SP500
2023-09-01,PLD,SP500
2023-09-01,PSA,SP500
2023-09-01,REG,SP500
2023-09-01,SBAC,SP500
2023-09-01,SPG,SP500
2023-09-01,UDR,SP500
2023-09-01,VICI,SP500
2023-09-01,VTR,SP500
2023-09-01,WELL,SP500
2023-09-01,WY,SP500
2023-10-03,AMT,SP500
2023-10-03,ARE,SP500
2023-10-03,AVB,SP500
2023-10-03,BXP,SP500
2023-10-03,CBRE,SP500
2023-10-03,CCI,SP500
2023-10-03,CPT,SP500
2023-10-03,CSGP,SP500
2023-10-03,DLR,SP500
2023-10-03,EQIX,SP500
2023-10-03,EQR,SP500
2023-10-03,ESS,SP500
2023-10-03,EXR,SP500
2023-10-03,FRT,SP500
2023-10-03,HST,SP500
2023-10-03,INVH,SP500
2023-10-03,IRM,SP500
2023-10-03,KIM,SP500
2023-10-03,MAA,SP500
2023-10-03,O,SP500
2023-10-03,PEAK,SP500
2023-10-03,PLD,SP500
2023-10-03,PSA,SP500
2023-10-03,REG,SP500
2023-10-03,SBAC,SP500
2023-10-03,SPG,SP500
2023-10-03,UDR,SP500
2023-10-03,VICI,SP500
2023-10-03,VTR,SP500
2023-10-03,WELL,SP500
2023-10-03,WY,SP500
2023-11-01,AMT,SP500
2023-11-01,ARE,SP500
2023-11-01,AVB,SP500
2023-11-01,BXP,SP500
2023-11-01,CBRE,SP500
2023-11-01,CCI,SP500
2023-11-01,CPT,SP500
2023-11-01,CSGP,SP500
2023-11-01,DLR,SP500
2023-11-01,EQIX,SP500
2023-11-01,EQR,SP500
2023-11-01,ESS,SP500
2023-11-01,EXR,SP500
2023-11-01,FRT,SP500
2023-11-01,HST,SP500
2023-11-01,INVH,SP500
2023-11-01,IRM,SP500
2023-11-01,KIM,SP500
2023-11-01,MAA,SP500
2023-11-01,O,SP500
2023-11-01,PEAK,SP500
2023-11-01,PLD,SP500
2023-11-01,PSA,SP500
2023-11-01,REG,SP500
2023-11-01,SBAC,SP500
2023-11-01,SPG,SP500
2023-11-01,UDR,SP500
2023-11-01,VICI,SP500
2023-11-01,VTR,SP500
2023-11-01,WELL,SP500
2023-11-01,WY,SP500
2023-12-01,AMT,SP500
2023-12-01,ARE,SP500
2023-12-01,AVB,SP500
2023-12-01,BXP,SP500
2023-12-01,CBRE,SP500
2023-12-01,CCI,SP500
2023-12-01,CPT,SP500
2023-12-01,CSGP,SP500
2023-12-01,DLR,SP500
2023-12-01,EQIX,SP500
2023-12-01,EQR,SP500
2023-12-01,ESS,SP500
2023-12-01,EXR,SP500
2023-12-01,FRT,SP500
2023-12-01,HST,SP500
2023-12-01,INVH,SP500
2023-12-01,IRM,SP500
2023-12-01,KIM,SP500
2023-12-01,MAA,SP500
2023-12-01,O,SP500
2023-12-01,PEAK,SP500
2023-12-01,PLD,SP500
2023-12-01,PSA,SP500
2023-12-01,REG,SP500
2023-12-01,SBAC,SP500
2023-12-01,SPG,SP500
2023-12-01,UDR,SP500
2023-12-01,VICI,SP500
2023-12-01,VTR,SP500
2023-12-01,WELL,SP500
2023-12-01,WY,SP500
2024-01-03,AMT,SP500
2024-01-03,ARE,SP500
2024-01-03,AVB,SP500
2024-01-03,BXP,SP500
2024-01-03,CBRE,SP500
2024-01-03,CCI,SP500
2024-01-03,CPT,SP500
2024-01-03,CSGP,SP500
2024-01-03,DLR,SP500
2024-01-03,EQIX,SP500
2024-01-03,EQR,SP500
2024-01-03,ESS,SP500
2024-01-03,EXR,SP500
2024-01-03,FRT,SP500
2024-01-03,HST,SP500
2024-01-03,INVH,SP500
2024-01-03,IRM,SP500
2024-01-03,KIM,SP500
2024-01-03,MAA,SP500
2024-01-03,O,SP500
2024-01-03,PEAK,SP500
2024-01-03,PLD,SP500
2024-01-03,PSA,SP500
2024-01-03,REG,SP500
2024-01-03,SBAC,SP500
2024-01-03,SPG,SP500
2024-01-03,UDR,SP500
2024-01-03,VICI,SP500
2024-01-03,VTR,SP500
2024-01-03,WELL,SP500
2024-01-03,WY,SP500
2024-02-01,AMT,SP500
2024-02-01,ARE,SP500
2024-02-01,AVB,SP500
2024-02-01,BXP,SP500
2024-02-01,CBRE,SP500
2024-02-01,CCI,SP500
2024-02-01,CPT,SP500
2024-02-01,CSGP,SP500
2024-02-01,DLR,SP500
2024-02-01,EQIX,SP500
2024-02-01,EQR,SP500
2024-02-01,ESS,SP500
2024-02-01,EXR,SP500
2024-02-01,FRT,SP500
2024-02-01,HST,SP500
2024-02-01,INVH,SP500
2024-02-01,IRM,SP500
2024-02-01,KIM,SP500
2024-02-01,MAA,SP500
2024-02-01,O,SP500
2024-02-01,PEAK,SP500
2024-02-01,PLD,SP500
2024-02-01,PSA,SP500
2024-02-01,REG,SP500
2024-02-01,SBAC,SP500
2024-02-01,SPG,SP500
2024-02-01,UDR,SP500
2024-02-01,VICI,SP500
2024-02-01,VTR,SP500
2024-02-01,WELL,SP500
2024-02-01,WY,SP500
2024-03-01,AMT,SP500
2024-03-01,ARE,SP500
2024-03-01,AVB,SP500
2024-03-01,BXP,SP500
2024-03-01,CBRE,SP500
2024-03-01,CCI,SP500
2024-03-01,CPT,SP500
2024-03-01,CSGP,SP500
2024-03-01,DLR,SP500
2024-03-01,EQIX,SP500
2024-03-01,EQR,SP500
2024-03-01,ESS,SP500
2024-03-01,EXR,SP500
2024-03-01,FRT,SP500
2024-03-01,HST,SP500
2024-03-01,INVH,SP500
2024-03-01,IRM,SP500
2024-03-01,KIM,SP500
2024-03-01,MAA,SP500
2024-03-01,O,SP500
2024-03-01,PEAK,SP500
2024-03-01,PLD,SP500
2024-03-01,PSA,SP500
2024-03-01,REG,SP500
2024-03-01,SBAC,SP500
2024-03-01,SPG,SP500
2024-03-01,UDR,SP500
2024-03-01,VICI,SP500
2024-03-01,VTR,SP500
2024-03-01,WELL,SP500
2024-03-01,WY,SP500
2024-04-02,AMT,SP500
2024-04-02,ARE,SP500
2024-04-02,AVB,SP500
2024-04-02,BXP,SP500
2024-04-02,CBRE,SP500
2024-04-02,CCI,SP500
2024-04-02,CPT,SP500
2024-04-02,CSGP,SP500
2024-04-02,DLR,SP500
2024-04-02,DOC,SP500
2024-04-02,EQIX,SP500
2024-04-02,EQR,SP500
2024-04-02,ESS,SP500
2024-04-02,EXR,SP500
2024-04-02,FRT,SP500
2024-04-02,HST,SP500
2024-04-02,INVH,SP500
2024-04-02,IRM,SP500
2024-04-02,KIM,SP500
2024-04-02,MAA,SP500
2024-04-02,O,SP500
2024-04-02,PLD,SP500
2024-04-02,PSA,SP500
2024-04-02,REG,SP500
2024-04-02,SBAC,SP500
2024-04-02,SPG,SP500
2024-04-02,UDR,SP500
2024-04-02,VICI,SP500
2024-04-02,VTR,SP500
2024-04-02,WELL,SP500
2024-04-02,WY,SP500
2024-05-01,AMT,SP500
2024-05-01,ARE,SP500
2024-05-01,AVB,SP500
2024-05-01,BXP,SP500
2024-05-01,CBRE,SP500
2024-05-01,CCI,SP500
2024-05-01,CPT,SP500
2024-05-01,CSGP,SP500
2024-05-01,DLR,SP500
2024-05-01,DOC,SP500
2024-05-01,EQIX,SP500
2024-05-01,EQR,SP500
2024-05-01,ESS,SP500
2024-05-01,EXR,SP500
2024-05-01,FRT,SP500
2024-05-01,HST,SP500
2024-05-01,INVH,SP500
2024-05-01,IRM,SP500
2024-05-01,KIM,SP500
2024-05-01,MAA,SP500
2024-05-01,O,SP500
2024-05-01,PLD,SP500
2024-05-01,PSA,SP500
2024-05-01,REG,SP500
2024-05-01,SBAC,SP500
2024-05-01,SPG,SP500
2024-05-01,UDR,SP500
2024-05-01,VICI,SP500
2024-05-01,VTR,SP500
2024-05-01,WELL,SP500
2024-05-01,WY,SP500
2024-06-01,AMT,SP500
2024-06-01,ARE,SP500
2024-06-01,AVB,SP500
2024-06-01,BXP,SP500
2024-06-01,CBRE,SP500
2024-06-01,CCI,SP500
2024-06-01,CPT,SP500
2024-06-01,CSGP,SP500
2024-06-01,DLR,SP500
2024-06-01,DOC,SP500
2024-06-01,EQIX,SP500
2024-06-01,EQR,SP500
2024-06-01,ESS,SP500
2024-06-01,EXR,SP500
2024-06-01,FRT,SP500
2024-06-01,HST,SP500
2024-06-01,INVH,SP500
2024-06-01,IRM,SP500
2024-06-01,KIM,SP500
2024-06-01,MAA,SP500
2024-06-01,O,SP500
2024-06-01,PLD,SP500
2024-06-01,PSA,SP500
2024-06-01,REG,SP500
2024-06-01,SBAC,SP500
2024-06-01,SPG,SP500
2024-06-01,UDR,SP500
2024-06-01,VICI,SP500
2024-06-01,VTR,SP500
2024-06-01,WELL,SP500
2024-06-01,WY,SP500
2024-07-02,AMT,SP500
2024-07-02,ARE,SP500
2024-07-02,AVB,SP500
2024-07-02,BXP,SP500
2024-07-02,CBRE,SP500
2024-07-02,CCI,SP500
2024-07-02,CPT,SP500
2024-07-02,CSGP,SP500
2024-07-02,DLR,SP500
2024-07-02,DOC,SP500
2024-07-02,EQIX,SP500
2024-07-02,EQR,SP500
2024-07-02,ESS,SP500
2024-07-02,EXR,SP500
2024-07-02,FRT,SP500
2024-07-02,HST,SP500
2024-07-02,INVH,SP500
2024-07-02,IRM,SP500
2024-07-02,KIM,SP500
2024-07-02,MAA,SP500
2024-07-02,O,SP500
2024-07-02,PLD,SP500
2024-07-02,PSA,SP500
2024-07-02,REG,SP500
2024-07-02,SBAC,SP500
2024-07-02,SPG,SP500
2024-07-02,UDR,SP500
2024-07-02,VICI,SP500
2024-07-02,VTR,SP500
2024-07-02,WELL,SP500
2024-07-02,WY,SP500
2024-08-01,AMT,SP500
2024-08-01,ARE,SP500
2024-08-01,AVB,SP500
2024-08-01,BXP,SP500
2024-08-01,CBRE,SP500
2024-08-01,CCI,SP500
2024-08-01,CPT,SP500
2024-08-01,CSGP,SP500
2024-08-01,DLR,SP500
2024-08-01,DOC,SP500
2024-08-01,EQIX,SP500
2024-08-01,EQR,SP500
2024-08-01,ESS,SP500
2024-08-01,EXR,SP500
2024-08-01,FRT,SP500
2024-08-01,HST,SP500
2024-08-01,INVH,SP500
2024-08-01,IRM,SP500
2024-08-01,KIM,SP500
2024-08-01,MAA,SP500
2024-08-01,O,SP500
2024-08-01,PLD,SP500
2024-08-01,PSA,SP500
2024-08-01,REG,SP500
2024-08-01,SBAC,SP500
2024-08-01,SPG,SP500
2024-08-01,UDR,SP500
2024-08-01,VICI,SP500
2024-08-01,VTR,SP500
2024-08-01,WELL,SP500
2024-08-01,WY,SP500
2024-09-04,AMT,SP500
2024-09-04,ARE,SP500
2024-09-04,AVB,SP500
2024-09-04,BXP,SP500
2024-09-04,CBRE,SP500
2024-09-04,CCI,SP500
2024-09-04,CPT,SP500
2024-09-04,CSGP,SP500
2024-09-04,DLR,SP500
2024-09-04,DOC,SP500
2024-09-04,EQIX,SP500
2024-09-04,EQR,SP500
2024-09-04,ESS,SP500
2024-09-04,EXR,SP500
2024-09-04,FRT,SP500
2024-09-04,HST,SP500
2024-09-04,INVH,SP500
2024-09-04,IRM,SP500
2024-09-04,KIM,SP500
2024-09-04,MAA,SP500
2024-09-04,O,SP500
2024-09-04,PLD,SP500
2024-09-04,PSA,SP500
2024-09-04,REG,SP500
2024-09-04,SBAC,SP500
2024-09-04,SPG,SP500
2024-09-04,UDR,SP500
2024-09-04,VICI,SP500
2024-09-04,VTR,SP500
2024-09-04,WELL,SP500
2024-09-04,WY,SP500
2024-10-01,AMT,SP500
2024-10-01,ARE,SP500
2024-10-01,AVB,SP500
2024-10-01,BXP,SP500
2024-10-01,CBRE,SP500
2024-10-01,CCI,SP500
2024-10-01,CPT,SP500
2024-10-01,CSGP,SP500
2024-10-01,DLR,SP500
2024-10-01,DOC,SP500
2024-10-01,EQIX,SP500
2024-10-01,EQR,SP500
2024-10-01,ESS,SP500
2024-10-01,EXR,SP500
2024-10-01,FRT,SP500
2024-10-01,HST,SP500
2024-10-01,INVH,SP500
2024-10-01,IRM,SP500
2024-10-01,KIM,SP500
2024-10-01,MAA,SP500
2024-10-01,O,SP500
2024-10-01,PLD,SP500
2024-10-01,PSA,SP500
2024-10-01,REG,SP500
2024-10-01,SBAC,SP500
2024-10-01,SPG,SP500
2024-10-01,UDR,SP500
2024-10-01,VICI,SP500
2024-10-01,VTR,SP500
2024-10-01,WELL,SP500
2024-10-01,WY,SP500
2024-11-01,AMT,SP500
2024-11-01,ARE,SP500
2024-11-01,AVB,SP500
2024-11-01,BXP,SP500
2024-11-01,CBRE,SP500
2024-11-01,CCI,SP500
2024-11-01,CPT,SP500
2024-11-01,CSGP,SP500
2024-11-01,DLR,SP500
2024-11-01,DOC,SP500
2024-11-01,EQIX,SP500
2024-11-01,EQR,SP500
2024-11-01,ESS,SP500
2024-11-01,EXR,SP500
2024-11-01,FRT,SP500
2024-11-01,HST,SP500
2024-11-01,INVH,SP500
2024-11-01,IRM,SP500
2024-11-01,KIM,SP500
2024-11-01,MAA,SP500
2024-11-01,O,SP500
2024-11-01,PLD,SP500
2024-11-01,PSA,SP500
2024-11-01,REG,SP500
2024-11-01,SBAC,SP500
2024-11-01,SPG,SP500
2024-11-01,UDR,SP500
2024-11-01,VICI,SP500
2024-11-01,VTR,SP500
2024-11-01,WELL,SP500
2024-11-01,WY,SP500
2024-12-03,AMT,SP500
2024-12-03,ARE,SP500
2024-12-03,AVB,SP500
2024-12-03,BXP,SP500
2024-12-03,CBRE,SP500
2024-12-03,CCI,SP500
2024-12-03,CPT,SP500
2024-12-03,CSGP,SP500
2024-12-03,DLR,SP500
2024-12-03,DOC,SP500
2024-12-03,EQIX,SP500
2024-12-03,EQR,SP500
2024-12-03,ESS,SP500
2024-12-03,EXR,SP500
2024-12-03,FRT,SP500
2024-12-03,HST,SP500
2024-12-03,INVH,SP500
2024-12-03,IRM,SP500
2024-12-03,KIM,SP500
2024-12-03,MAA,SP500
2024-12-03,O,SP500
2024-12-03,PLD,SP500
2024-12-03,PSA,SP500
2024-12-03,REG,SP500
2024-12-03,SBAC,SP500
2024-12-03,SPG,SP500
2024-12-03,UDR,SP500
2024-12-03,VICI,SP500
2024-12-03,VTR,SP500
2024-12-03,WELL,SP500
2024-12-03,WY,SP500