symbol,entry_date,days_held,signal_type,context_rvol,context_adr,context_trend,dist_sma20_pct,consolidation_days,is_vcp_pattern,time_since_earnings,sector_strength,VolTrig,shares,position_value,monetary_risk,returns_pct,r_multiple,Result
WDC,2019-01-24,1,BREAKOUT,2.1181530486401345,5.081960404092444,Weak,5.787473838308645,11,false,-1,0,✅ Safe,13,372.9141921997071,18.645709609985353,7.523671551291473,1.5047343102582968,28.05683898925781
WDC,2019-01-24,26,BREAKOUT,2.1181530486401345,5.081960404092444,Weak,5.787473838308645,11,false,-1,0,✅ Safe,7,200.79994964599612,10.039997482299807,20.508589281782534,4.101717856356509,41.18123695092351
WDC,2019-01-24,41,BREAKOUT,2.1181530486401345,5.081960404092444,Weak,5.787473838308645,11,false,-1,0,✅ Safe,6,172.11424255371097,8.605712127685548,19.880432767634595,3.9760865535269216,34.21705627441406
AMAT,2018-11-16,3,BREAKOUT,2.167999434743142,4.550152640799483,Weak,4.940178488374872,14,false,-1,0,☔ Danger,9,293.97415924072266,14.698707962036133,-2.7683472508057703,-0.553669450161154,-8.138225555419922
AMAT,2018-11-16,4,BREAKOUT,2.167999434743142,4.550152640799483,Weak,4.940178488374872,14,false,-1,0,☔ Danger,10,326.63795471191406,16.331897735595703,0,0,0
AMD,2018-03-07,2,BREAKOUT,2.3354767872515447,4.310028276951003,Weak,2.800989083574887,14,false,-1,2.7919369626730823,✅ Safe,81,991.4399814605713,49.571999073028564,-4.411764476721854,-0.8823528953443707,-43.739996910095215
TTWO,2019-01-14,9,BREAKOUT,2.066520458000888,4.137899794203545,Downtrend,0.8787760693338741,17,false,-1,0,✅ Safe,9,944.8200302124023,47.24100151062012,-4.924752936768092,-0.9849505873536212,-46.530052185058594
ADSK,2018-11-21,26,BREAKOUT,2.553957675669356,4.02607259100616,Downtrend,2.7576514745229286,15,false,-1,0,☔ Danger,4,540.1599731445312,27.007998657226565,-5.753848511087199,-1.1507697022174397,-31.079986572265625
WDC,2019-03-21,1,BREAKOUT,2.0043885979888945,3.9896982553814073,Weak,4.938898513769143,16,false,-1,0,✅ Safe,33,1221.136459350586,61.0568229675293,-6.546938418698092,-1.3093876837396183,-79.94705200195312
WDC,2019-08-01,1,BREAKOUT,2.041598016833848,3.9609234302673886,Uptrend,2.7649050231761314,17,false,-1,0,☔ Danger,17,689.7189178466797,34.48594589233399,-3.9812631311599698,-0.7962526262319941,-27.459524984865386
LRCX,2018-04-18,1,BREAKOUT,2.4740345662927754,3.913836566162967,Uptrend,0.3441918504482473,14,false,-1,0,✅ Safe,53,966.2128219604492,48.310641098022465,-6.56618814236792,-1.3132376284735836,-63.44335174560547
DE,2018-02-16,5,BREAKOUT,2.6625230267321025,3.8465569142022593,Uptrend,2.842063380080167,16,false,-1,0,✅ Safe,7,1052.7420654296875,52.63710327148438,-4.337813278961436,-0.8675626557922873,-45.66598510742188
TTWO,2018-05-03,6,BREAKOUT,4.479496048653276,3.631843866925572,Weak,5.878736939740776,19,false,-1,0,☔ Danger,3,315.2999954223633,15.764999771118166,10.123011259117755,2.0246022518235534,31.917854036603643
TTWO,2018-05-03,41,BREAKOUT,4.479496048653276,3.631843866925572,Weak,5.878736939740776,19,false,-1,0,☔ Danger,2,210.1999969482422,10.50999984741211,12.624029643822599,2.5248059287645166,26.535709926060264
TTWO,2018-05-03,53,BREAKOUT,4.479496048653276,3.631843866925572,Weak,5.878736939740776,19,false,-1,0,☔ Danger,2,210.1999969482422,10.50999984741211,11.06565656675644,2.2131313133512878,23.260009765625
SSRM,2018-03-16,3,BREAKOUT,2.119283964713899,3.4848954514938835,Weak,4.037531395859282,17,false,-1,0,✅ Safe,72,615.9173812866211,30.795869064331058,0.6681310380094776,0.13362620760189553,4.115135192871094
SSRM,2018-03-16,4,BREAKOUT,2.119283964713899,3.4848954514938835,Weak,4.037531395859282,17,false,-1,0,✅ Safe,72,615.9173812866211,30.795869064331058,-0.4454318403442072,-0.08908636806884143,-2.743492126464844
KLAC,2019-08-06,21,BREAKOUT,2.0015684490313927,3.4603143871701505,Uptrend,2.503246712266161,17,false,-1,0,☔ Danger,2,249.87741088867188,12.493870544433594,3.9747922764343606,0.794958455286872,9.932108028557082
KLAC,2019-08-06,29,BREAKOUT,2.0015684490313927,3.4603143871701505,Uptrend,2.503246712266161,17,false,-1,0,☔ Danger,1,124.93870544433594,6.246935272216797,12.481342635470542,2.496268527094108,15.594027910828856
KLAC,2019-08-06,57,BREAKOUT,2.0015684490313927,3.4603143871701505,Uptrend,2.503246712266161,17,false,-1,0,☔ Danger,2,249.87741088867188,12.493870544433594,14.947515157273775,2.989503031454755,37.3504638671875
WDC,2018-09-21,3,BREAKOUT,2.021481806029537,3.334192997906728,Downtrend,1.5647846774329195,19,false,-1,0,✅ Safe,12,509.30873107910156,25.46543655395508,-1.3175242645190521,-0.2635048529038104,-6.71026611328125
WDC,2018-09-21,4,BREAKOUT,2.021481806029537,3.334192997906728,Downtrend,1.5647846774329195,19,false,-1,0,✅ Safe,12,509.30873107910156,25.46543655395508,-1.712768960757662,-0.34255379215153237,-8.723281860351562
ADBE,2018-10-16,2,BREAKOUT,2.224107049053045,3.306273103359927,Uptrend,0.0616148517345181,18,false,-1,0.0385166219048969,☔ Danger,2,521.3400268554688,26.067001342773438,-3.959031262750058,-0.7918062525500095,-20.6400146484375
TTWO,2018-08-03,21,BREAKOUT,3.774727579025184,3.295175479068763,Uptrend,0.5548839883390472,18,false,-1,0,✅ Safe,2,246.82000732421875,12.341000366210938,7.139384760316017,1.4278769520632033,17.62142998831615
TTWO,2018-08-03,68,BREAKOUT,3.774727579025184,3.295175479068763,Uptrend,0.5548839883390472,18,false,-1,0,✅ Safe,2,246.82000732421875,12.341000366210938,-0.9399591829568444,-0.18799183659136887,-2.32000732421875
TTWO,2018-02-01,4,BREAKOUT,2.765045832276505,3.2728210781322646,Uptrend,5.836099399413626,18,false,-1,0,✅ Safe,12,1495.6799926757812,74.78399963378907,-5.864888955704594,-1.1729777911409165,-87.719970703125
LRCX,2018-01-25,7,BREAKOUT,2.5025126995234563,3.264766729116154,Uptrend,1.3229125285860546,18,false,-1,0,✅ Safe,79,1404.7142295837402,70.23571147918702,-5.296651891066211,-1.059330378213242,-74.40282280532332
WDC,2017-06-23,4,BREAKOUT,2.0247529239282547,3.239822063791213,Uptrend,4.220640754657952,18,false,-1,0,✅ Safe,21,1330.6361961364746,66.53180980682373,-3.164312933007311,-0.6328625866014623,-42.105493245623
BKR,2019-11-18,1,BREAKOUT,2.4816190780262666,3.2353814694273635,Weak,0.5357892932805128,18,false,-1,0,✅ Safe,39,729.5089817047119,36.475449085235596,-0.7216889577286226,-0.14433779154572832,-5.2647857666015625
BKR,2019-11-18,2,BREAKOUT,2.4816190780262666,3.2353814694273635,Weak,0.5357892932805128,18,false,-1,0,✅ Safe,40,748.2143402099609,37.41071701049805,0,0,0
ILMN,2018-04-26,28,BREAKOUT,2.605039273863319,3.222897879903232,Uptrend,1.493776628428997,16,false,-1,0,✅ Safe,1,236.0214080810547,11.801070404052735,12.095136976447614,2.4190273952895227,28.547112601143965
ILMN,2018-04-26,33,BREAKOUT,2.605039273863319,3.222897879903232,Uptrend,1.493776628428997,16,false,-1,0,✅ Safe,2,472.0428161621094,23.60214080810547,9.763840583650047,1.9527681167300097,46.08950805664063
ILMN,2018-04-26,13,BREAKOUT,2.605039273863319,3.222897879903232,Uptrend,1.493776628428997,16,false,-1,0,✅ Safe,2,472.0428161621094,23.60214080810547,8.622773941604562,1.7245547883209122,40.7031849452427
CPRT,2018-02-20,20,BREAKOUT,2.911858189316351,3.214463373201841,Uptrend,6.697352162252273,19,false,-1,0,☔ Danger,40,468.3000183105469,23.415000915527347,7.805588763432084,1.5611177526864166,36.55357360839844
CPRT,2018-02-20,30,BREAKOUT,2.911858189316351,3.214463373201841,Uptrend,6.697352162252273,19,false,-1,0,☔ Danger,16,187.32000732421875,9.366000366210939,6.491558791300633,1.2983117582601265,12.159988403320312
CPRT,2018-02-20,30,BREAKOUT,2.911858189316351,3.214463373201841,Uptrend,6.697352162252273,19,false,-1,0,☔ Danger,24,280.9800109863281,14.049000549316407,7.266404524209127,1.4532809048418254,20.41714423043385
MU,2017-06-09,3,BREAKOUT,2.07470983827654,3.1993158539327675,Uptrend,2.791484258857166,18,false,-1,0,✅ Safe,43,1283.8218173980713,64.19109086990356,-3.2586368109211783,-0.6517273621842333,-41.83509032837067
EA,2019-02-05,1,BREAKOUT,2.5239968395567343,3.1869595826728574,Weak,2.545354807478509,20,false,-1,0,✅ Safe,18,1619.2194213867188,80.96097106933594,-13.305234014734882,-2.6610468029469763,-215.44093322753903
DLTR,2019-08-29,6,BREAKOUT,2.39655563286142,3.143142713812461,Downtrend,3.2654363746453376,18,false,-1,0,✅ Safe,6,586.019989013672,29.300999450683598,7.636871300283676,1.5273742600567382,44.75359235491075
DLTR,2019-08-29,21,BREAKOUT,2.39655563286142,3.143142713812461,Downtrend,3.2654363746453376,18,false,-1,0,✅ Safe,3,293.009994506836,14.650499725341799,13.288190655837766,2.6576381311675594,38.93572671072822
DLTR,2019-08-29,39,BREAKOUT,2.39655563286142,3.143142713812461,Downtrend,3.2654363746453376,18,false,-1,0,✅ Safe,4,390.6799926757813,19.533999633789065,14.835677039841718,2.9671354079683465,57.96002197265625
MNST,2018-11-08,11,BREAKOUT,3.736999250585852,3.135258066899902,Downtrend,2.082566274246739,19,false,-1,0,✅ Safe,12,324.8399963378906,16.241999816894534,5.070189001150021,1.014037800230004,16.47000176565986
MNST,2018-11-08,35,BREAKOUT,3.736999250585852,3.135258066899902,Downtrend,2.082566274246739,19,false,-1,0,✅ Safe,12,324.8399963378906,16.241999816894534,-1.3114131741353658,-0.2622826348270731,-4.2599945068359375
NVDA,2017-02-10,3,BREAKOUT,2.851074455001984,3.062407542517488,Uptrend,2.9978473762247946,19,false,-1,0.6629343303171138,✅ Safe,482,1348.6976428031921,67.43488214015962,-4.6118764686931435,-0.9223752937386286,-62.20026922225952
ON,2018-05-31,19,BREAKOUT,3.828312468433188,3.0053331561801797,Uptrend,5.025594402551348,18,false,-1,0,✅ Safe,28,703.6399765014648,35.18199882507325,-2.953215179346909,-0.5906430358693788,-20.780002593994183
