day_idx,col_idx,exit_type_code,exit_price,shares,pnl,entry_day_idx,initial_risk,context_rvol,context_adr,context_volume,entry_score,stop_loss,tp1_target,tp2_target,exit_date,entry_date,symbol,exit_phase,monetary_risk,adjusted_risk_dollars,base_risk_dollars,context_vol,return_pct,entry_price,context_dollar_vol,signal_type,dist_sma20_pct,pattern_confidence,pattern_type,pattern_bonus,stop_distance,stop_distance_pct,risk_per_share,r_multiple,outcome,is_big_win,is_big_loss
79.0,37.0,1.0,121.05828857421875,38.0,403.1487121582031,62.0,1000.0,1.1195344924926758,2.1945881843566895,33980000.0,0.7558860778808594,101.9617691040039,121.05828857421875,135.91114807128906,2021-04-28,2021-04-05,GOOG,TP1,1000.0,1000.0,1000.0,33980000.0,9.605488400533101,110.44911193847656,3753060823.6694336,FLAT_BASE,7.519580364227295,0.0,NONE,0.0,26.31578947368421,23.826166649798765,26.31578947368421,0.40314871215820314,WIN,False,False
110.0,76.0,0.0,193.02000427246094,56.0,-1476.7197265625,71.0,1000.0,0.9377858638763428,2.1179661750793457,1686500.0,0.6343683004379272,201.70199584960938,241.5,272.4540100097656,2021-06-11,2021-04-16,VRTX,STOP,1000.0,1000.0,1000.0,1686500.0,-12.01968876910974,219.38999938964844,370001233.9706421,FLAT_BASE,2.069869041442871,0.5,CUP_AND_HANDLE,0.2,17.857142857142858,8.13945161895352,17.857142857142858,-1.4767197265625,LOSS,False,True
123.0,71.0,1.0,402.8547668457031,11.0,403.1720886230469,29.0,1000.0,0.7823323011398315,1.123045802116394,50593300.0,0.47363924980163574,336.8811340332031,402.8547668457031,454.1676025390625,2021-06-30,2021-02-16,SPY,TP1,1000.0,1000.0,1000.0,50593300.0,10.008665193522654,366.2027587890625,18527406036.242676,FLAT_BASE,2.1618573665618896,0.0,NONE,0.0,90.9090909090909,24.82479684470529,90.9090909090909,0.4031720886230469,WIN,False,False
139.0,37.0,2.0,136.79005432128906,38.0,1000.955810546875,62.0,1000.0,1.1195344924926758,2.1945881843566895,33980000.0,0.7558860778808594,101.9617691040039,121.05828857421875,135.91114807128906,2021-07-23,2021-04-05,GOOG,TP2,1000.0,1000.0,1000.0,33980000.0,23.848939951174245,110.44911193847656,3753060823.6694336,FLAT_BASE,7.519580364227295,0.0,NONE,0.0,26.31578947368421,23.826166649798765,26.31578947368421,1.000955810546875,WIN,False,False
144.0,27.0,1.0,409.1017150878906,10.0,372.0916748046875,118.0,1000.0,0.9356464743614197,1.3243290185928345,1934800.0,0.7545569539070129,342.1252136230469,409.1017150878906,461.194580078125,2021-07-30,2021-06-23,COST,TP1,1000.0,1000.0,1000.0,1934800.0,10.005354428276304,371.8925476074219,719537701.1108398,FLAT_BASE,2.2064685821533203,0.0,NONE,0.0,100.0,26.889487472484184,100.0,0.3720916748046875,WIN,False,False
146.0,5.0,1.0,194.29812622070312,23.0,408.78485107421875,75.0,1000.0,0.8756496906280518,1.5757725238800049,1413500.0,0.7620885968208313,162.44058227539062,194.1302490234375,218.7777557373047,2021-08-03,2021-04-22,ADP,TP1,1000.0,1000.0,1000.0,1413500.0,10.068413708881197,176.52487182617188,249517906.32629395,FLAT_BASE,2.105738639831543,0.0,NONE,0.0,43.47826086956522,24.630104766414597,43.47826086956522,0.40878485107421875,WIN,False,False
159.0,28.0,1.0,51.08893585205078,88.0,419.1625061035156,87.0,1000.0,1.3728358745574951,1.4974337816238403,24146000.0,0.7443670630455017,42.60084533691406,50.98182678222656,57.500370025634766,2021-08-20,2021-05-10,CSCO,TP1,1000.0,1000.0,1000.0,24146000.0,10.281998262353351,46.32572555541992,1118580969.2611694,FLAT_BASE,2.62746524810791,0.0,NONE,0.0,11.363636363636363,24.529861599343832,11.363636363636363,0.41916250610351563,WIN,False,False
163.0,31.0,0.0,93.4800033569336,120.0,-1407.5994873046875,161.0,1000.0,1.3702328205108643,1.8831931352615356,2852900.0,0.8267730474472046,96.92919921875,115.56099700927734,130.05239868164062,2021-08-26,2021-08-24,DLTR,STOP,1000.0,1000.0,1000.0,2852900.0,-11.149126346936947,105.20999908447266,300153606.38809204,FLAT_BASE,4.475017547607422,0.5,CUP_AND_HANDLE,0.2,8.333333333333334,7.920666672226218,8.333333333333334,-1.4075994873046875,LOSS,False,True
168.0,47.0,0.0,332.45941162109375,33.0,-1074.3087158203125,118.0,1000.0,1.096834421157837,1.7186923027038574,3582700.0,0.8335460424423218,335.58734130859375,401.7978210449219,453.29486083984375,2021-09-02,2021-06-23,MA,STOP,1000.0,1000.0,1000.0,3582700.0,-8.9187784147296,365.01422119140625,1307736450.2624512,FLAT_BASE,2.4745712280273438,0.65,POCKET_PIVOT,0.2,30.303030303030305,8.301876623908305,30.303030303030305,-1.0743087158203124,LOSS,False,True
180.0,37.0,3.0,138.60691833496094,41.0,1154.4700622558594,62.0,1000.0,1.1195344924926758,2.1945881843566895,33980000.0,0.7558860778808594,101.9617691040039,121.05828857421875,135.91114807128906,2021-09-21,2021-04-05,GOOG,RUNNER,1000.0,1000.0,1000.0,33980000.0,25.49391833242544,110.44911193847656,3753060823.6694336,FLAT_BASE,7.519580364227295,0.0,NONE,0.0,24.390243902439025,22.082788602252513,24.390243902439025,1.1544700622558595,WIN,False,False
202.0,68.0,1.0,48.18902587890625,94.0,411.674560546875,72.0,1000.0,0.732860267162323,1.1702905893325806,337200.0,0.7968354225158691,40.314781188964844,48.177921295166016,54.293697357177734,2021-10-21,2021-04-19,SLF,TP1,1000.0,1000.0,1000.0,337200.0,9.996725993521647,43.80950927734375,14772566.528320312,FLAT_BASE,2.2355005741119385,0.55,POCKET_PIVOT,0.2,10.638297872340425,24.283079285350638,10.638297872340425,0.411674560546875,WIN,False,False
204.0,27.0,2.0,465.8677978515625,11.0,1033.7277526855469,118.0,1000.0,0.9356464743614197,1.3243290185928345,1934800.0,0.7545569539070129,342.1252136230469,409.1017150878906,461.194580078125,2021-10-25,2021-06-23,COST,TP2,1000.0,1000.0,1000.0,1934800.0,25.269463141633857,371.8925476074219,719537701.1108398,FLAT_BASE,2.2064685821533203,0.0,NONE,0.0,90.9090909090909,24.44498861134926,90.9090909090909,1.0337277526855468,WIN,False,False
207.0,59.0,0.0,59.344940185546875,195.0,-997.94677734375,183.0,1000.0,1.4332915544509888,1.7940051555633545,2041000.0,0.8382133841514587,59.344940185546875,70.85971069335938,79.81564331054688,2021-10-28,2021-09-24,OMC,STOP,1000.0,1000.0,1000.0,2041000.0,-7.9389824699109175,64.46261596679688,131568199.18823242,FLAT_BASE,3.212247133255005,0.8,CUP_AND_HANDLE,0.3,5.128205128205129,7.955316505998675,5.128205128205129,-0.99794677734375,LOSS,False,False
223.0,5.0,2.0,218.7777557373047,23.0,971.8163299560547,75.0,1000.0,0.8756496906280518,1.5757725238800049,1413500.0,0.7620885968208313,162.44058227539062,194.1302490234375,218.7777557373047,2021-11-19,2021-04-22,ADP,TP2,1000.0,1000.0,1000.0,1413500.0,23.935938020530166,176.52487182617188,249517906.32629395,FLAT_BASE,2.105738639831543,0.0,NONE,0.0,43.47826086956522,24.630104766414597,43.47826086956522,0.9718163299560547,WIN,False,False
257.0,27.0,3.0,493.9465637207031,12.0,1464.648193359375,118.0,1000.0,0.9356464743614197,1.3243290185928345,1934800.0,0.7545569539070129,342.1252136230469,409.1017150878906,461.194580078125,2022-01-10,2021-06-23,COST,RUNNER,1000.0,1000.0,1000.0,1934800.0,32.819699372444596,371.8925476074219,719537701.1108398,FLAT_BASE,2.2064685821533203,0.0,NONE,0.0,83.33333333333333,22.407906227070157,83.33333333333333,1.464648193359375,WIN,False,False
257.0,74.0,0.0,157.46681213378906,73.0,-993.2827606201172,175.0,1000.0,1.200623869895935,1.4080885648727417,3687200.0,0.9487942457199097,157.46681213378906,188.08169555664062,211.89324951171875,2022-01-10,2021-09-14,TXN,STOP,1000.0,1000.0,1000.0,3687200.0,-7.953668511563339,171.07342529296875,630781933.7402344,FLAT_BASE,3.264763832092285,0.75,FLAT_BASE,0.3,13.698630136986301,8.007456513790471,13.698630136986301,-0.9932827606201172,LOSS,False,False
259.0,5.0,3.0,215.5171356201172,25.0,974.8065948486328,75.0,1000.0,0.8756496906280518,1.5757725238800049,1413500.0,0.7620885968208313,162.44058227539062,194.1302490234375,218.7777557373047,2022-01-12,2021-04-22,ADP,RUNNER,1000.0,1000.0,1000.0,1413500.0,22.0888214734646,176.52487182617188,249517906.32629395,FLAT_BASE,2.105738639831543,0.0,NONE,0.0,40.0,22.65969638510143,40.0,0.9748065948486329,WIN,False,False
261.0,49.0,1.0,61.36882781982422,74.0,406.9362030029297,211.0,1000.0,0.9177331924438477,1.2737913131713867,5385800.0,0.7249068021774292,51.47037887573242,61.36882781982422,69.067626953125,2022-01-14,2021-11-03,MDLZ,TP1,1000.0,1000.0,1000.0,5385800.0,9.842792906467228,55.86968994140625,300902976.0864258,FLAT_BASE,3.2435550689697266,0.6,FLAT_BASE,0.2,13.513513513513514,24.187557739600688,13.513513513513514,0.4069362030029297,WIN,False,False
263.0,70.0,0.0,21.517656326293945,507.0,-1269.9949264526367,236.0,1000.0,0.6769372820854187,1.6069636344909668,1756500.0,0.8108227849006653,22.052433013916016,26.485258102416992,29.933012008666992,2022-01-19,2021-12-09,SONY,STOP,1000.0,1000.0,1000.0,1756500.0,-10.427361434515289,24.0225772857666,42195657.002449036,FLAT_BASE,0.21944397687911987,0.0,NONE,0.0,1.9723865877712032,8.210553615077114,1.9723865877712032,-1.2699949264526367,LOSS,False,True
342.0,28.0,0.0,42.60084533691406,180.0,-670.4784393310547,87.0,1000.0,1.3728358745574951,1.4974337816238403,24146000.0,0.7443670630455017,42.60084533691406,50.98182678222656,57.500370025634766,2022-05-12,2021-05-10,CSCO,STOP,1000.0,1000.0,1000.0,24146000.0,-8.040630068599246,46.32572555541992,1118580969.2611694,FLAT_BASE,2.62746524810791,0.0,NONE,0.0,5.555555555555555,11.992376781901429,5.555555555555555,-0.6704784393310547,LOSS,False,False
342.0,68.0,0.0,40.314781188964844,192.0,-670.98779296875,72.0,1000.0,0.732860267162323,1.1702905893325806,337200.0,0.7968354225158691,40.314781188964844,48.177921295166016,54.293697357177734,2022-05-12,2021-04-19,SLF,STOP,1000.0,1000.0,1000.0,337200.0,-7.977099369579603,43.80950927734375,14772566.528320312,FLAT_BASE,2.2355005741119385,0.55,POCKET_PIVOT,0.2,5.208333333333333,11.888590900119581,5.208333333333333,-0.67098779296875,LOSS,False,False
363.0,34.0,0.0,47.87910842895508,236.0,-1195.8690338134766,359.0,1000.0,0.7015554904937744,2.200007677078247,1596600.0,0.8300706744194031,48.7095947265625,58.24229431152344,65.6566162109375,2022-06-13,2022-06-07,ETR,STOP,1000.0,1000.0,1000.0,1596600.0,-9.570521215069517,52.94635009765625,84534142.56591797,FLAT_BASE,2.28886342048645,0.0,NONE,0.0,4.237288135593221,8.002984394160894,4.237288135593221,-1.1958690338134765,LOSS,False,True
176.0,68.0,0.0,39.96664047241211,292.0,-998.1827697753906,134.0,1000.0,0.8949246406555176,1.5587999820709229,348600.0,1.0,39.96664047241211,47.658119201660156,53.640377044677734,2023-03-15,2023-01-12,SLF,STOP,1000.0,1000.0,1000.0,348600.0,-7.879286075600778,43.385074615478516,15124037.01095581,FLAT_BASE,3.793027639389038,0.9,CUP_AND_HANDLE,0.3,3.4246575342465753,7.893630619744879,3.4246575342465753,-0.9981827697753907,LOSS,False,False
196.0,76.0,1.0,333.3500061035156,13.0,461.2401428222656,181.0,1000.0,0.9676308631896973,2.0081822872161865,1025500.0,0.8527302145957947,273.6571960449219,328.135986328125,370.5083923339844,2023-04-13,2023-03-22,VRTX,TP1,1000.0,1000.0,1000.0,1025500.0,11.911240328979641,297.8699951171875,305465679.9926758,FLAT_BASE,1.8968596458435059,0.0,NONE,0.0,76.92307692307692,25.824379153332977,76.92307692307692,0.4612401428222656,WIN,False,False
207.0,49.0,1.0,71.16698455810547,66.0,566.9928817749023,180.0,1000.0,1.281219720840454,1.705580711364746,8081300.0,0.8500500917434692,57.57746887207031,68.82457733154297,77.57232666015625,2023-04-28,2023-03-21,MDLZ,TP1,1000.0,1000.0,1000.0,8081300.0,13.728547801017205,62.5761833190918,505696910.25657654,FLAT_BASE,3.0616071224212646,0.55,FLAT_BASE,0.2,15.151515151515152,24.212910324450025,15.151515151515152,0.5669928817749024,WIN,False,False
260.0,55.0,0.0,3.5470762252807617,3269.0,-1174.5981304645538,240.0,1000.0,1.3320978879928589,1.4094632863998413,18595900.0,0.7193498015403748,3.600512742996216,4.288737773895264,4.824023723602295,2023-07-17,2023-06-15,NOK,STOP,1000.0,1000.0,1000.0,18595900.0,-9.198112934050405,3.906390428543091,72642845.77014446,FLAT_BASE,4.924520969390869,0.9,CUP_AND_HANDLE,0.3,0.3059039461609055,7.830859504614186,0.3059039461609055,-1.1745981304645539,LOSS,False,True
262.0,27.0,1.0,534.7057495117188,8.0,388.339111328125,202.0,1000.0,1.6120045185089111,1.6162559986114502,2936500.0,0.9244438409805298,447.3294372558594,534.7057495117188,602.6651611328125,2023-07-19,2023-04-21,COST,TP1,1000.0,1000.0,1000.0,2936500.0,9.984789651062128,486.1633605957031,1427618708.3892822,FLAT_BASE,2.2705166339874268,0.7,CUP_AND_HANDLE,0.3,125.0,25.71152212022635,125.0,0.388339111328125,WIN,False,False
267.0,5.0,1.0,239.96469116210938,19.0,592.919677734375,238.0,1000.0,0.730757474899292,1.3650752305984497,1348200.0,0.5072001814842224,192.21905517578125,229.43255615234375,258.37640380859375,2023-07-26,2023-06-13,ADP,TP1,1000.0,1000.0,1000.0,1348200.0,14.948524214633377,208.75839233398438,281448064.54467773,FLAT_BASE,3.195478916168213,0.0,NONE,0.0,52.63157894736842,25.21171884824885,52.63157894736842,0.592919677734375,WIN,False,False
294.0,28.0,1.0,53.92825698852539,84.0,428.4056396484375,263.0,1000.0,1.3496215343475342,1.3936970233917236,21745000.0,0.9836708903312683,44.917457580566406,53.71660232543945,60.56038284301758,2023-09-01,2023-07-20,CSCO,TP1,1000.0,1000.0,1000.0,21745000.0,10.444923627835808,48.828189849853516,1061768988.2850647,FLAT_BASE,2.5135860443115234,0.75,FLAT_BASE,0.3,11.904761904761905,24.38092000004301,11.904761904761905,0.4284056396484375,WIN,False,False
318.0,49.0,0.0,57.57746887207031,134.0,-669.8277359008789,180.0,1000.0,1.281219720840454,1.705580711364746,8081300.0,0.8500500917434692,57.57746887207031,68.82457733154297,77.57232666015625,2023-10-06,2023-03-21,MDLZ,STOP,1000.0,1000.0,1000.0,8081300.0,-7.988206026455423,62.5761833190918,505696910.25657654,FLAT_BASE,3.0616071224212646,0.55,FLAT_BASE,0.2,7.462686567164179,11.925761801594788,7.462686567164179,-0.6698277359008789,LOSS,False,False
322.0,76.0,2.0,370.5083923339844,13.0,944.2991638183594,181.0,1000.0,0.9676308631896973,2.0081822872161865,1025500.0,0.8527302145957947,273.6571960449219,328.135986328125,370.5083923339844,2023-10-12,2023-03-22,VRTX,TP2,1000.0,1000.0,1000.0,1025500.0,24.385939640620602,297.8699951171875,305465679.9926758,FLAT_BASE,1.8968596458435059,0.0,NONE,0.0,76.92307692307692,25.824379153332977,76.92307692307692,0.9442991638183593,WIN,False,False
332.0,41.0,0.0,329.0343933105469,34.0,-981.430419921875,322.0,1000.0,0.7957339286804199,2.0284252166748047,364100.0,0.9089537858963013,329.0343933105469,393.98199462890625,444.4967956542969,2023-10-26,2023-10-12,IT,STOP,1000.0,1000.0,1000.0,364100.0,-8.065269929645853,357.8999938964844,130311387.77770996,FLAT_BASE,1.7366844415664673,0.6,CUP_AND_HANDLE,0.2,29.41176470588235,8.217872368667638,29.41176470588235,-0.981430419921875,LOSS,False,False
332.0,47.0,0.0,359.88177490234375,31.0,-1421.784423828125,291.0,1000.0,0.9586015939712524,1.291528582572937,1901300.0,1.0,373.61810302734375,445.9053955078125,502.1288757324219,2023-10-26,2023-08-29,MA,STOP,1000.0,1000.0,1000.0,1901300.0,-11.303632708805205,405.74578857421875,771444467.8161621,FLAT_BASE,3.7663493156433105,0.75,FLAT_BASE,0.3,32.25806451612903,7.950314069674788,32.25806451612903,-1.421784423828125,LOSS,False,True
333.0,68.0,0.0,41.50014877319336,277.0,-1035.2587585449219,223.0,1000.0,0.8729840517044067,1.3886923789978027,435200.0,0.8907773494720459,41.63014602661133,49.746795654296875,56.05974578857422,2023-10-27,2023-05-22,SLF,STOP,1000.0,1000.0,1000.0,435200.0,-8.261713227640922,45.237545013427734,19687379.58984375,FLAT_BASE,2.534602403640747,0.6,CUP_AND_HANDLE,0.2,3.6101083032490973,7.980336470906011,3.6101083032490973,-1.0352587585449218,LOSS,False,True
347.0,28.0,0.0,44.917457580566406,171.0,-668.7352180480957,263.0,1000.0,1.3496215343475342,1.3936970233917236,21745000.0,0.9836708903312683,44.917457580566406,53.71660232543945,60.56038284301758,2023-11-16,2023-07-20,CSCO,STOP,1000.0,1000.0,1000.0,21745000.0,-8.009169050322356,48.828189849853516,1061768988.2850647,FLAT_BASE,2.5135860443115234,0.75,FLAT_BASE,0.3,5.847953216374269,11.976592280722882,5.847953216374269,-0.6687352180480957,LOSS,False,False
347.0,76.0,3.0,343.0,15.0,676.9500732421875,181.0,1000.0,0.9676308631896973,2.0081822872161865,1025500.0,0.8527302145957947,273.6571960449219,328.135986328125,370.5083923339844,2023-11-16,2023-03-22,VRTX,RUNNER,1000.0,1000.0,1000.0,1025500.0,15.150906644711743,297.8699951171875,305465679.9926758,FLAT_BASE,1.8968596458435059,0.0,NONE,0.0,66.66666666666667,22.381128599555247,66.66666666666667,0.6769500732421875,WIN,False,False
363.0,27.0,2.0,602.6651611328125,8.0,932.014404296875,202.0,1000.0,1.6120045185089111,1.6162559986114502,2936500.0,0.9244438409805298,447.3294372558594,534.7057495117188,602.6651611328125,2023-12-11,2023-04-21,COST,TP2,1000.0,1000.0,1000.0,2936500.0,23.963508972448686,486.1633605957031,1427618708.3892822,FLAT_BASE,2.2705166339874268,0.7,CUP_AND_HANDLE,0.3,125.0,25.71152212022635,125.0,0.932014404296875,WIN,False,False
32.0,47.0,1.0,465.92718505859375,9.0,396.48504638671875,8.0,1000.0,1.0615484714508057,1.2634483575820923,2709300.0,0.5,388.0008239746094,464.2138671875,523.4906616210938,2024-02-15,2024-01-11,MA,TP1,1000.0,1000.0,1000.0,2709300.0,10.442446815467424,421.873291015625,1142981307.3486328,FLAT_BASE,1.018620252609253,0.0,NONE,0.0,111.11111111111111,26.337555251156175,111.11111111111111,0.3964850463867188,WIN,False,False
39.0,44.0,1.0,49.74993133544922,90.0,423.8096237182617,15.0,1000.0,0.8897599577903748,1.5715619325637817,1268900.0,0.5,41.40983963012695,49.57980728149414,55.93422317504883,2024-02-27,2024-01-23,LKQ,TP1,1000.0,1000.0,1000.0,1268900.0,10.45492453721713,45.04093551635742,57152443.07670593,FLAT_BASE,1.0959779024124146,0.0,NONE,0.0,11.11111111111111,24.668917249900176,11.11111111111111,0.4238096237182617,WIN,False,False
51.0,52.0,1.0,419.7479553222656,10.0,407.68463134765625,8.0,1000.0,1.0175659656524658,1.3876707553863525,25514200.0,0.5,348.8077392578125,416.6941833496094,469.4947204589844,2024-03-14,2024-01-11,MSFT,TP1,1000.0,1000.0,1000.0,25514200.0,10.757432519487214,378.9794921875,9669358559.570312,FLAT_BASE,2.9693098068237305,0.0,NONE,0.0,100.0,26.386652064678216,100.0,0.40768463134765626,WIN,False,False
71.0,16.0,0.0,168.20443725585938,70.0,-999.3157958984375,60.0,1000.0,1.0457031726837158,1.4288626909255981,352700.0,0.6422468423843384,168.20443725585938,200.32530212402344,225.30819702148438,2024-04-12,2024-03-27,APC,STOP,1000.0,1000.0,1000.0,352700.0,-7.823274020292943,182.48037719726562,64360829.037475586,FLAT_BASE,3.9025161266326904,0.0,NONE,0.0,14.285714285714286,7.828630401323146,14.285714285714286,-0.9993157958984376,LOSS,False,False
78.0,44.0,0.0,39.375244140625,185.0,-1048.152904510498,15.0,1000.0,0.8897599577903748,1.5715619325637817,1268900.0,0.5,41.40983963012695,49.57980728149414,55.93422317504883,2024-04-23,2024-01-23,LKQ,STOP,1000.0,1000.0,1000.0,1268900.0,-12.578982454027457,45.04093551635742,57152443.07670593,FLAT_BASE,1.0959779024124146,0.0,NONE,0.0,5.405405405405405,12.001094878329816,5.405405405405405,-1.048152904510498,LOSS,False,True
83.0,28.0,0.0,44.82563018798828,257.0,-1023.0598793029785,14.0,1000.0,1.4025005102157593,1.0393809080123901,23015300.0,0.699999988079071,44.92461013793945,53.65865707397461,60.451805114746094,2024-04-30,2024-01-22,CSCO,STOP,1000.0,1000.0,1000.0,23015300.0,-8.156260436770824,48.8064079284668,1123294120.3960419,FLAT_BASE,2.5399465560913086,0.6,CUP_AND_HANDLE,0.2,3.8910505836575875,7.972417452561789,3.8910505836575875,-1.0230598793029786,LOSS,False,True
90.0,22.0,1.0,220.17666625976562,20.0,417.9345703125,29.0,1000.0,0.8836374282836914,1.9073522090911865,450200.0,0.49534809589385986,183.4947967529297,219.0113525390625,246.63534545898438,2024-05-09,2024-02-12,BHGE,TP1,1000.0,1000.0,1000.0,450200.0,10.486117545086106,199.27993774414062,89715827.97241211,FLAT_BASE,3.261983871459961,0.0,NONE,0.0,50.0,25.09033300893338,50.0,0.4179345703125,WIN,False,False
146.0,5.0,1.0,254.31561279296875,17.0,442.9740447998047,16.0,1000.0,0.8810688257217407,1.0810174942016602,1245100.0,0.800000011920929,209.85060119628906,251.2679443359375,283.4814453125,2024-07-31,2024-01-24,ADP,TP1,1000.0,1000.0,1000.0,1245100.0,11.41570533112973,228.25831604003906,284204429.30145264,FLAT_BASE,1.331017017364502,0.7,CUP_AND_HANDLE,0.3,58.8235294117647,25.77059641561817,58.8235294117647,0.4429740447998047,WIN,False,False
146.0,34.0,1.0,55.47137451171875,82.0,411.13360595703125,77.0,1000.0,1.5072381496429443,1.5990098714828491,4237600.0,1.0,46.44649124145508,55.47137451171875,62.49072265625,2024-07-31,2024-04-22,ETR,TP1,1000.0,1000.0,1000.0,4237600.0,9.936718009571832,50.457550048828125,213818914.08691406,FLAT_BASE,3.000382423400879,0.7,FLAT_BASE,0.3,12.195121951219512,24.169072694608058,12.195121951219512,0.41113360595703125,WIN,False,False
181.0,71.0,1.0,560.9080200195312,7.0,356.89788818359375,92.0,1000.0,0.7929701805114746,1.0774235725402832,52233200.0,1.0,469.13427734375,560.9080200195312,632.28759765625,2024-09-19,2024-05-13,SPY,TP1,1000.0,1000.0,1000.0,52233200.0,9.9986570227655,509.922607421875,26634889537.98828,FLAT_BASE,2.5128798484802246,0.7,FLAT_BASE,0.3,142.85714285714286,28.01545583150673,142.85714285714286,0.35689788818359375,WIN,False,False
184.0,34.0,2.0,62.49072265625,82.0,986.7201538085938,77.0,1000.0,1.5072381496429443,1.5990098714828491,4237600.0,1.0,46.44649124145508,55.47137451171875,62.49072265625,2024-09-24,2024-04-22,ETR,TP2,1000.0,1000.0,1000.0,4237600.0,23.848111126634745,50.457550048828125,213818914.08691406,FLAT_BASE,3.000382423400879,0.7,FLAT_BASE,0.3,12.195121951219512,24.169072694608058,12.195121951219512,0.9867201538085938,WIN,False,False
198.0,5.0,2.0,283.4814453125,18.0,994.0163269042969,16.0,1000.0,0.8810688257217407,1.0810174942016602,1245100.0,0.800000011920929,209.85060119628906,251.2679443359375,283.4814453125,2024-10-14,2024-01-24,ADP,TP2,1000.0,1000.0,1000.0,1245100.0,24.193260613897714,228.25831604003906,284204429.30145264,FLAT_BASE,1.331017017364502,0.7,CUP_AND_HANDLE,0.3,55.55555555555556,24.338896614750496,55.55555555555556,0.9940163269042969,WIN,False,False
206.0,30.0,0.0,246.16409301757812,45.0,-1059.2674255371094,175.0,1000.0,1.1380534172058105,1.5039974451065063,2267600.0,0.693609356880188,247.90972900390625,296.9454040527344,335.08428955078125,2024-10-24,2024-09-11,DHR,STOP,1000.0,1000.0,1000.0,2267600.0,-8.727839106367764,269.703369140625,611579359.8632812,FLAT_BASE,1.1685489416122437,0.0,NONE,0.0,22.22222222222222,8.239504865300892,22.22222222222222,-1.0592674255371093,LOSS,False,True
211.0,47.0,2.0,523.4906616210938,9.0,914.5563354492188,8.0,1000.0,1.0615484714508057,1.2634483575820923,2709300.0,0.5,388.0008239746094,464.2138671875,523.4906616210938,2024-10-31,2024-01-11,MA,TP2,1000.0,1000.0,1000.0,2709300.0,24.08717801518872,421.873291015625,1142981307.3486328,FLAT_BASE,1.018620252609253,0.0,NONE,0.0,111.11111111111111,26.337555251156175,111.11111111111111,0.9145563354492188,WIN,False,False
239.0,37.0,1.0,195.94717407226562,24.0,496.5377197265625,210.0,1000.0,2.0608041286468506,1.8290250301361084,28916100.0,0.7428536415100098,161.6354522705078,192.2864227294922,216.1260528564453,2024-12-11,2024-10-30,GOOG,TP1,1000.0,1000.0,1000.0,28916100.0,11.804915932530104,175.2581024169922,5067780815.299988,FLAT_BASE,5.776763439178467,0.6,CUP_AND_HANDLE,0.2,41.666666666666664,23.774459549681204,41.666666666666664,0.4965377197265625,WIN,False,False
241.0,5.0,3.0,290.3250732421875,19.0,1179.2683868408203,16.0,1000.0,0.8810688257217407,1.0810174942016602,1245100.0,0.800000011920929,209.85060119628906,251.2679443359375,283.4814453125,2024-12-13,2024-01-24,ADP,RUNNER,1000.0,1000.0,1000.0,1245100.0,27.19145496160641,228.25831604003906,284204429.30145264,FLAT_BASE,1.331017017364502,0.7,CUP_AND_HANDLE,0.3,52.63157894736842,23.057902056079417,52.63157894736842,1.1792683868408202,WIN,False,False
244.0,22.0,0.0,182.93936157226562,43.0,-702.644775390625,29.0,1000.0,0.8836374282836914,1.9073522090911865,450200.0,0.49534809589385986,183.4947967529297,219.0113525390625,246.63534545898438,2024-12-18,2024-02-12,BHGE,STOP,1000.0,1000.0,1000.0,450200.0,-8.19980995420371,199.27993774414062,89715827.97241211,FLAT_BASE,3.261983871459961,0.0,NONE,0.0,23.25581395348837,11.669922329736455,23.25581395348837,-0.702644775390625,LOSS,False,False
244.0,34.0,3.0,70.71788024902344,85.0,1722.1280670166016,77.0,1000.0,1.5072381496429443,1.5990098714828491,4237600.0,1.0,46.44649124145508,55.47137451171875,62.49072265625,2024-12-18,2024-04-22,ETR,RUNNER,1000.0,1000.0,1000.0,4237600.0,40.153218260873246,50.457550048828125,213818914.08691406,FLAT_BASE,3.000382423400879,0.7,FLAT_BASE,0.3,11.764705882352942,23.316046599504244,11.764705882352942,1.7221280670166015,WIN,False,False
254.0,47.0,3.0,517.6041259765625,11.0,1053.0391845703125,8.0,1000.0,1.0615484714508057,1.2634483575820923,2709300.0,0.5,388.0008239746094,464.2138671875,523.4906616210938,2025-01-03,2024-01-11,MA,RUNNER,1000.0,1000.0,1000.0,2709300.0,22.691845395207043,421.873291015625,1142981307.3486328,FLAT_BASE,1.018620252609253,0.0,NONE,0.0,90.9090909090909,21.548908841855052,90.9090909090909,1.0530391845703124,WIN,False,False
259.0,72.0,0.0,137.30447387695312,83.0,-997.0157165527344,210.0,1000.0,1.1951097249984741,1.6875559091567993,1759100.0,0.8221026062965393,137.30447387695312,164.33200073242188,185.35340881347656,2025-01-13,2024-10-30,TEL,STOP,1000.0,1000.0,1000.0,1759100.0,-8.044804519284419,149.31671142578125,262663027.0690918,FLAT_BASE,2.922424077987671,0.6,FLAT_BASE,0.2,12.048192771084338,8.06888435730984,12.048192771084338,-0.9970157165527344,LOSS,False,False
281.0,28.0,1.0,64.2567367553711,70.0,409.9004364013672,262.0,1000.0,0.9543159604072571,1.4796216487884521,19185100.0,1.0,53.71643829345703,64.2567367553711,72.45475006103516,2025-02-13,2025-01-16,CSCO,TP1,1000.0,1000.0,1000.0,19185100.0,10.026744220376974,58.40101623535156,1120429336.5768433,FLAT_BASE,1.7248692512512207,0.75,FLAT_BASE,0.3,14.285714285714286,24.461413870169597,14.285714285714286,0.4099004364013672,WIN,False,False
283.0,34.0,1.0,85.06732940673828,54.0,472.2499237060547,261.0,1000.0,1.20797860622406,1.9999068975448608,3671500.0,0.9275447130203247,70.32673645019531,83.81598663330078,94.30762481689453,2025-02-18,2025-01-15,ETR,TP1,1000.0,1000.0,1000.0,3671500.0,11.458522430563498,76.32196044921875,280216077.78930664,FLAT_BASE,4.136305809020996,0.0,NONE,0.0,18.51851851851852,24.263682968206666,18.51851851851852,0.4722499237060547,WIN,False,False
303.0,37.0,0.0,161.6354522705078,49.0,-667.5098571777344,210.0,1000.0,2.0608041286468506,1.8290250301361084,28916100.0,0.7428536415100098,161.6354522705078,192.2864227294922,216.1260528564453,2025-03-18,2024-10-30,GOOG,STOP,1000.0,1000.0,1000.0,28916100.0,-7.7729074768092365,175.2581024169922,5067780815.299988,FLAT_BASE,5.776763439178467,0.6,CUP_AND_HANDLE,0.2,20.408163265306122,11.644633248823446,20.408163265306122,-0.6675098571777344,LOSS,False,False
316.0,28.0,0.0,53.60176086425781,143.0,-686.2935180664062,262.0,1000.0,0.9543159604072571,1.4796216487884521,19185100.0,1.0,53.71643829345703,64.2567367553711,72.45475006103516,2025-04-04,2025-01-16,CSCO,STOP,1000.0,1000.0,1000.0,19185100.0,-8.217760033067103,58.40101623535156,1120429336.5768433,FLAT_BASE,1.7248692512512207,0.75,FLAT_BASE,0.3,6.993006993006993,11.974118677705398,6.993006993006993,-0.6862935180664063,LOSS,False,False
317.0,52.0,0.0,348.8077392578125,23.0,-693.9503173828125,8.0,1000.0,1.0175659656524658,1.3876707553863525,25514200.0,0.5,348.8077392578125,416.6941833496094,469.4947204589844,2025-04-07,2024-01-11,MSFT,STOP,1000.0,1000.0,1000.0,25514200.0,-7.961315467370998,378.9794921875,9669358559.570312,FLAT_BASE,2.9693098068237305,0.0,NONE,0.0,43.47826086956522,11.472457419425314,43.47826086956522,-0.6939503173828125,LOSS,False,False
367.0,47.0,0.0,534.8839721679688,21.0,-987.2742919921875,360.0,1000.0,0.7177924513816833,1.2475906610488892,1528600.0,0.7310759425163269,534.8839721679688,640.663330078125,722.9361572265625,2025-06-18,2025-06-09,MA,STOP,1000.0,1000.0,1000.0,1528600.0,-8.079274992209298,581.8970336914062,889487805.7006836,FLAT_BASE,0.8729960322380066,0.0,NONE,0.0,47.61904761904762,8.183414738680577,47.61904761904762,-0.9872742919921875,LOSS,False,False
