ticker,close,sma20,gap_to_sma20_pct,rvol,gap_rvol,adr,gap_adr,dist_sma20,gap_dist,dv_M,gap_dv_M,rs_pct,gap_rs,n_blockers,blockers,proximity_score
AEP,133.61,131.6,-1.53,0.97,0.0,1.85,0.0,1.53,0.0,488.4,0.0,50.0,20.0,1,rs(50%<70%),13.059
MU,426.13,408.84,-4.23,1.23,0.0,5.16,0.0,4.23,0.0,13483.0,0.0,50.0,20.0,1,rs(50%<70%),18.456
ADM,71.98,68.64,-4.86,1.04,0.0,3.04,0.0,4.86,0.0,250.5,0.0,50.0,20.0,1,rs(50%<70%),19.724
INTC,45.77,45.49,-0.62,0.88,0.04,4.61,0.0,0.62,0.0,3510.3,0.0,50.0,20.0,2,rvol(0.88<0.92) | rs(50%<70%),11.683
COST,1008.43,999.05,-0.94,0.74,0.18,1.88,0.0,0.94,0.0,2004.9,0.0,50.0,20.0,2,rvol(0.74<0.92) | rs(50%<70%),13.694
AEE,112.04,110.55,-1.35,0.81,0.11,1.7,0.0,1.35,0.0,210.9,0.0,50.0,20.0,2,rvol(0.81<0.92) | rs(50%<70%),13.8
AVGO,322.16,329.44,2.21,0.99,0.0,3.82,0.0,-2.21,0.0,8376.2,0.0,50.0,20.0,2,below_SMA20(2.2%) | rs(50%<70%),14.417
PYPL,44.9,44.69,-0.46,0.53,0.39,4.1,0.0,0.46,0.0,1185.3,0.0,50.0,20.0,2,rvol(0.53<0.92) | rs(50%<70%),14.851
AAP,51.73,53.3,2.94,0.99,0.0,5.06,0.0,-2.94,0.0,99.9,0.0,50.0,20.0,2,below_SMA20(2.9%) | rs(50%<70%),15.889
BKNG,4241.26,4221.94,-0.46,0.38,0.54,3.79,0.0,0.46,0.0,2490.9,0.0,50.0,20.0,2,rvol(0.38<0.92) | rs(50%<70%),16.285
ADIA,0.2,0.2,-1.71,1.09,0.0,9.64,0.0,1.71,0.0,0.0,31.5,50.0,20.0,2,dv(0M<32M) | rs(50%<70%),16.576
TSLA,391.2,404.83,3.37,0.98,0.0,2.9,0.0,-3.37,0.0,22859.8,0.0,50.0,20.0,2,below_SMA20(3.4%) | rs(50%<70%),16.732
KLAC,1418.64,1468.49,3.39,1.29,0.0,4.1,0.0,-3.39,0.0,1318.6,0.0,50.0,20.0,2,below_SMA20(3.4%) | rs(50%<70%),16.79
FTNT,83.44,81.33,-2.6,0.59,0.33,3.62,0.0,2.6,0.0,523.5,0.0,50.0,20.0,2,rvol(0.59<0.92) | rs(50%<70%),18.459
AEMD,1.95,1.9,-2.85,2.85,0.0,9.07,0.0,2.85,0.0,0.2,31.4,50.0,20.0,2,dv(0M<32M) | rs(50%<70%),18.834
META,613.71,647.41,5.21,1.55,0.0,2.52,0.0,-5.21,0.0,7437.7,0.0,50.0,20.0,2,below_SMA20(5.2%) | rs(50%<70%),20.41
ADSK,251.17,241.84,-3.86,0.62,0.3,3.24,0.0,3.86,0.0,588.3,0.0,50.0,20.0,2,rvol(0.62<0.92) | rs(50%<70%),20.755
ADBE,249.32,265.36,6.05,2.81,0.0,3.48,0.0,-6.05,0.0,1541.9,0.0,50.0,20.0,2,below_SMA20(6.0%) | rs(50%<70%),22.091
AEG,6.79,7.32,7.2,1.0,0.0,2.09,0.0,-7.2,0.0,43.9,0.0,50.0,20.0,2,below_SMA20(7.2%) | rs(50%<70%),24.405
INTU,439.96,415.84,-5.8,0.45,0.47,5.08,0.0,5.8,0.0,2282.6,0.0,50.0,20.0,2,rvol(0.45<0.92) | rs(50%<70%),26.293
MELI,1670.0,1823.77,8.43,0.95,0.0,3.72,0.0,-8.43,0.0,1192.7,0.0,50.0,20.0,2,below_SMA20(8.4%) | rs(50%<70%),26.863
PANW,167.01,156.76,-6.54,0.49,0.43,3.9,0.0,6.54,0.0,2111.9,0.0,50.0,20.0,2,rvol(0.49<0.92) | rs(50%<70%),27.336
AER,133.04,145.71,8.69,1.06,0.0,2.89,0.0,-8.69,0.0,220.3,0.0,50.0,20.0,2,below_SMA20(8.7%) | rs(50%<70%),27.388
NFLX,95.31,88.83,-7.3,0.56,0.36,3.09,0.0,7.3,0.0,5107.3,0.0,50.0,20.0,2,rvol(0.56<0.92) | rs(50%<70%),28.235
AEM,207.54,229.21,9.45,1.12,0.0,4.19,0.0,-9.45,0.0,501.9,0.0,50.0,20.0,2,below_SMA20(9.5%) | rs(50%<70%),28.906
ADT,6.41,7.27,11.78,0.93,0.0,3.1,0.0,-11.78,0.0,68.3,0.0,50.0,20.0,2,below_SMA20(11.8%) | rs(50%<70%),33.567
^VIX,25.09,22.79,-10.09,0.0,0.92,16.81,0.0,10.09,0.0,,0.0,50.0,20.0,2,rvol(0.00<0.92) | rs(50%<70%),39.379
ACHC,23.52,20.44,-15.05,3.34,0.0,6.49,0.0,15.05,0.0,19.3,12.2,50.0,20.0,2,dv(19M<32M) | rs(50%<70%),41.313
ACTG,4.88,4.23,-15.48,1.12,0.0,4.43,0.0,15.48,0.0,1.9,29.6,50.0,20.0,2,dv(2M<32M) | rs(50%<70%),43.911
AAL,10.3,12.53,17.79,1.23,0.0,4.55,0.0,-17.79,0.0,868.8,0.0,50.0,20.0,2,below_SMA20(17.8%) | rs(50%<70%),45.581
AEO,17.58,8.62,-103.96,2.44,0.0,10.33,0.0,103.96,88.48,33.1,0.0,50.0,20.0,2,dist(104.0>15.48) | rs(50%<70%),306.388
CSCO,78.33,78.41,0.1,0.82,0.1,2.31,0.0,-0.1,0.0,1822.8,0.0,50.0,20.0,3,below_SMA20(0.1%) | rvol(0.82<0.92) | rs(50%<70%),11.204
MSFT,395.55,400.2,1.16,0.78,0.14,2.04,0.0,-1.16,0.0,13423.7,0.0,50.0,20.0,3,below_SMA20(1.2%) | rvol(0.78<0.92) | rs(50%<70%),13.761
AMZN,207.67,209.29,0.78,0.69,0.23,2.5,0.0,-0.78,0.0,10270.2,0.0,50.0,20.0,3,below_SMA20(0.8%) | rvol(0.69<0.92) | rs(50%<70%),13.835
VRTX,469.34,478.47,1.91,0.74,0.18,3.13,0.0,-1.91,0.0,695.5,0.0,50.0,20.0,3,below_SMA20(1.9%) | rvol(0.74<0.92) | rs(50%<70%),15.608
ACRV,1.62,1.61,-0.87,0.79,0.13,7.04,0.0,0.87,0.0,1.5,30.0,50.0,20.0,3,rvol(0.79<0.92) | dv(1M<32M) | rs(50%<70%),16.086
ACR,19.01,18.78,-1.22,0.87,0.05,2.07,0.0,1.22,0.0,0.3,31.2,50.0,20.0,3,rvol(0.87<0.92) | dv(0M<32M) | rs(50%<70%),16.099
NVDA,180.25,184.95,2.54,0.82,0.1,2.96,0.0,-2.54,0.0,34519.7,0.0,50.0,20.0,3,below_SMA20(2.5%) | rvol(0.82<0.92) | rs(50%<70%),16.11
ADP,208.52,213.22,2.2,0.74,0.18,2.85,0.0,-2.2,0.0,839.1,0.0,50.0,20.0,3,below_SMA20(2.2%) | rvol(0.74<0.92) | rs(50%<70%),16.162
ABTC,1.04,1.07,2.64,1.48,0.0,7.55,0.0,-2.64,0.0,17.0,14.5,50.0,20.0,3,below_SMA20(2.6%) | dv(17M<32M) | rs(50%<70%),16.741
ACI,17.27,17.68,2.3,0.64,0.28,2.98,0.0,-2.3,0.0,98.0,0.0,50.0,20.0,3,below_SMA20(2.3%) | rvol(0.64<0.92) | rs(50%<70%),17.403
ACT,40.49,41.66,2.81,1.0,0.0,2.48,0.0,-2.81,0.0,13.4,18.1,50.0,20.0,3,below_SMA20(2.8%) | dv(13M<32M) | rs(50%<70%),17.435
ABT,108.03,112.55,4.01,0.87,0.05,1.85,0.0,-4.01,0.0,910.6,0.0,50.0,20.0,3,below_SMA20(4.0%) | rvol(0.87<0.92) | rs(50%<70%),18.511
ACIC,11.31,11.3,-0.05,0.32,0.6,3.63,0.0,0.05,0.0,3.8,27.7,50.0,20.0,3,rvol(0.32<0.92) | dv(4M<32M) | rs(50%<70%),18.839
ACIW,39.77,40.84,2.62,0.53,0.39,4.07,0.0,-2.62,0.0,38.4,0.0,50.0,20.0,3,below_SMA20(2.6%) | rvol(0.53<0.92) | rs(50%<70%),19.13
CDNS,287.03,296.06,3.05,0.61,0.31,3.93,0.0,-3.05,0.0,841.8,0.0,50.0,20.0,3,below_SMA20(3.0%) | rvol(0.61<0.92) | rs(50%<70%),19.157
AMD,193.39,201.23,3.9,0.76,0.16,3.83,0.0,-3.9,0.0,6844.9,0.0,50.0,20.0,3,below_SMA20(3.9%) | rvol(0.76<0.92) | rs(50%<70%),19.355
ABCFF,0.03,0.03,3.23,1.04,0.0,10.83,0.0,-3.23,0.0,0.0,31.5,50.0,20.0,3,below_SMA20(3.2%) | dv(0M<32M) | rs(50%<70%),19.605
ABNB,126.3,130.05,2.89,0.52,0.4,3.79,0.0,-2.89,0.0,675.0,0.0,50.0,20.0,3,below_SMA20(2.9%) | rvol(0.52<0.92) | rs(50%<70%),19.792
ADMA,15.15,15.84,4.33,0.8,0.12,4.97,0.0,-4.33,0.0,54.7,0.0,50.0,20.0,3,below_SMA20(4.3%) | rvol(0.80<0.92) | rs(50%<70%),19.909
ABCL,3.49,3.41,-2.35,0.57,0.35,6.13,0.0,2.35,0.0,12.7,18.9,50.0,20.0,3,rvol(0.57<0.92) | dv(13M<32M) | rs(50%<70%),20.126
ABR,7.67,7.85,2.36,0.36,0.56,4.18,0.0,-2.36,0.0,37.7,0.0,50.0,20.0,3,below_SMA20(2.4%) | rvol(0.36<0.92) | rs(50%<70%),20.293
AAPL,250.12,262.75,4.81,0.83,0.09,2.24,0.0,-4.81,0.0,10325.2,0.0,50.0,20.0,3,below_SMA20(4.8%) | rvol(0.83<0.92) | rs(50%<70%),20.53
ADUS,101.35,107.01,5.29,1.05,0.0,3.52,0.0,-5.29,0.0,25.9,5.6,50.0,20.0,3,below_SMA20(5.3%) | dv(26M<32M) | rs(50%<70%),21.137
ACGL,93.47,97.89,4.51,0.67,0.25,1.98,0.0,-4.51,0.0,155.5,0.0,50.0,20.0,3,below_SMA20(4.5%) | rvol(0.67<0.92) | rs(50%<70%),21.493
ACHV,4.17,4.36,4.34,1.02,0.0,5.19,0.0,-4.34,0.0,1.5,30.0,50.0,20.0,3,below_SMA20(4.3%) | dv(1M<32M) | rs(50%<70%),21.676
SNPS,412.63,431.42,4.35,0.62,0.3,3.79,0.0,-4.35,0.0,993.7,0.0,50.0,20.0,3,below_SMA20(4.4%) | rvol(0.62<0.92) | rs(50%<70%),21.733
AEVA,15.21,14.52,-4.72,0.72,0.2,8.96,0.0,4.72,0.0,26.3,5.2,50.0,20.0,3,rvol(0.72<0.92) | dv(26M<32M) | rs(50%<70%),21.975
ACRE,4.86,5.09,4.55,1.11,0.0,3.14,0.0,-4.55,0.0,2.2,29.3,50.0,20.0,3,below_SMA20(4.5%) | dv(2M<32M) | rs(50%<70%),22.024
ABBV,219.68,228.89,4.02,0.51,0.41,2.48,0.0,-4.02,0.0,1405.9,0.0,50.0,20.0,3,below_SMA20(4.0%) | rvol(0.51<0.92) | rs(50%<70%),22.099
AMAT,341.53,359.44,4.98,0.7,0.22,4.01,0.0,-4.98,0.0,2598.4,0.0,50.0,20.0,3,below_SMA20(5.0%) | rvol(0.70<0.92) | rs(50%<70%),22.163
ACRG,8.03,7.71,-4.19,0.79,0.13,5.86,0.0,4.19,0.0,0.0,31.5,50.0,20.0,3,rvol(0.79<0.92) | dv(0M<32M) | rs(50%<70%),22.873
LRCX,212.2,227.56,6.75,0.89,0.03,4.34,0.0,-6.75,0.0,2119.4,0.0,50.0,20.0,3,below_SMA20(6.8%) | rvol(0.89<0.92) | rs(50%<70%),23.792
PCAR,115.34,123.17,6.36,0.78,0.14,2.25,0.0,-6.36,0.0,377.8,0.0,50.0,20.0,3,below_SMA20(6.4%) | rvol(0.78<0.92) | rs(50%<70%),24.143
ABR-PF,22.2,22.13,-0.32,2.13,0.0,0.9,0.52,0.32,0.0,0.1,31.4,50.0,20.0,3,adr(0.90<1.42) | dv(0M<32M) | rs(50%<70%),24.176
QCOM,129.82,138.88,6.53,0.8,0.12,2.72,0.0,-6.53,0.0,1261.6,0.0,50.0,20.0,3,below_SMA20(6.5%) | rvol(0.80<0.92) | rs(50%<70%),24.247
ABTS,2.76,2.72,-1.49,0.0,0.92,16.25,0.0,1.49,0.0,5.7,25.8,50.0,20.0,3,rvol(0.00<0.92) | dv(6M<32M) | rs(50%<70%),24.734
ADMT,0.09,0.09,-1.69,0.05,0.87,2.85,0.0,1.69,0.0,0.0,31.5,50.0,20.0,3,rvol(0.05<0.92) | dv(0M<32M) | rs(50%<70%),25.253
ACN,196.65,208.18,5.54,0.47,0.45,4.1,0.0,-5.54,0.0,1468.6,0.0,50.0,20.0,3,below_SMA20(5.5%) | rvol(0.47<0.92) | rs(50%<70%),25.539
ABG,196.46,213.42,7.95,0.88,0.04,3.4,0.0,-7.95,0.0,44.2,0.0,50.0,20.0,3,below_SMA20(7.9%) | rvol(0.88<0.92) | rs(50%<70%),26.315
ABAT,3.32,3.58,7.2,1.49,0.0,5.89,0.0,-7.2,0.0,10.9,20.6,50.0,20.0,3,below_SMA20(7.2%) | dv(11M<32M) | rs(50%<70%),26.458
ADNH,0.42,0.41,-2.16,0.0,0.92,11.13,0.0,2.16,0.0,0.0,31.5,50.0,20.0,3,rvol(0.00<0.92) | dv(0M<32M) | rs(50%<70%),26.681
AES,14.19,15.32,7.36,0.68,0.24,1.61,0.0,-7.36,0.0,250.0,0.0,50.0,20.0,3,below_SMA20(7.4%) | rvol(0.68<0.92) | rs(50%<70%),27.072
MAR,313.81,337.91,7.13,0.63,0.29,2.53,0.0,-7.13,0.0,539.6,0.0,50.0,20.0,3,below_SMA20(7.1%) | rvol(0.63<0.92) | rs(50%<70%),27.173
ACIU,3.02,2.83,-6.55,0.74,0.18,6.95,0.0,6.55,0.0,1.0,30.5,50.0,20.0,3,rvol(0.74<0.92) | dv(1M<32M) | rs(50%<70%),27.975
A,111.51,120.15,7.19,0.52,0.4,2.65,0.0,-7.19,0.0,301.4,0.0,50.0,20.0,3,below_SMA20(7.2%) | rvol(0.52<0.92) | rs(50%<70%),28.42
ACDC,6.35,6.89,7.83,4.66,0.0,6.61,0.0,-7.83,0.0,3.8,27.8,50.0,20.0,3,below_SMA20(7.8%) | dv(4M<32M) | rs(50%<70%),28.439
ABIT,0.0,0.0,8.05,1.73,0.0,14.87,0.0,-8.05,0.0,0.0,31.5,50.0,20.0,3,below_SMA20(8.0%) | dv(0M<32M) | rs(50%<70%),29.245
AAVVF,8.05,7.73,-4.1,0.08,0.84,3.3,0.0,4.1,0.0,0.6,30.9,50.0,20.0,3,rvol(0.08<0.92) | dv(1M<32M) | rs(50%<70%),29.643
TXN,190.78,208.2,8.37,0.56,0.36,2.66,0.0,-8.37,0.0,1256.1,0.0,50.0,20.0,3,below_SMA20(8.4%) | rvol(0.56<0.92) | rs(50%<70%),30.338
AERG,1.28,1.19,-7.25,0.32,0.6,7.85,0.0,7.25,0.0,0.1,31.4,50.0,20.0,3,rvol(0.32<0.92) | dv(0M<32M) | rs(50%<70%),33.603
ACHR,6.03,6.78,11.09,0.7,0.22,5.98,0.0,-11.09,0.0,186.6,0.0,50.0,20.0,3,below_SMA20(11.1%) | rvol(0.70<0.92) | rs(50%<70%),34.4
ABCB,75.18,86.15,12.74,0.9,0.02,1.99,0.0,-12.74,0.0,32.3,0.0,50.0,20.0,3,below_SMA20(12.7%) | rvol(0.90<0.92) | rs(50%<70%),35.628
ABVC,1.27,1.44,11.74,0.96,0.0,8.38,0.0,-11.74,0.0,0.1,31.5,50.0,20.0,3,below_SMA20(11.7%) | dv(0M<32M) | rs(50%<70%),36.635
ADPT,13.17,15.39,14.43,1.92,0.0,5.44,0.0,-14.43,0.0,26.7,4.8,50.0,20.0,3,below_SMA20(14.4%) | dv(27M<32M) | rs(50%<70%),39.345
AERT,0.41,0.37,-10.17,0.27,0.65,16.14,0.0,10.17,0.0,0.5,31.1,50.0,20.0,3,rvol(0.27<0.92) | dv(0M<32M) | rs(50%<70%),39.918
AEC,5.72,6.66,14.09,1.02,0.0,8.84,0.0,-14.09,0.0,0.3,31.2,50.0,20.0,3,below_SMA20(14.1%) | dv(0M<32M) | rs(50%<70%),41.298
SPY,659.63,677.1,2.58,0.95,0.0,1.21,0.21,-2.58,0.0,56835.5,0.0,0.0,70.0,3,below_SMA20(2.6%) | adr(1.21<1.42) | rs(0%<70%),44.423
ACNT,12.79,15.7,18.55,1.49,0.0,3.85,0.0,-18.55,0.0,1.9,29.6,50.0,20.0,3,below_SMA20(18.6%) | dv(2M<32M) | rs(50%<70%),50.07
ADMQ,0.03,0.03,-14.36,0.06,0.86,7.07,0.0,14.36,0.0,0.0,31.5,50.0,20.0,3,rvol(0.06<0.92) | dv(0M<32M) | rs(50%<70%),50.487
ACNB,46.48,56.44,17.65,0.03,0.89,5.48,0.0,-17.65,0.0,55.4,0.0,50.0,20.0,3,below_SMA20(17.7%) | rvol(0.03<0.92) | rs(50%<70%),54.236
ACXP,3.88,5.19,25.25,0.48,0.44,14.91,0.0,-25.25,0.0,46.2,0.0,50.0,20.0,3,below_SMA20(25.3%) | rvol(0.48<0.92) | rs(50%<70%),64.897
ACV,25.32,39.74,36.28,1.26,0.0,3.0,0.0,-36.28,0.0,0.3,31.2,50.0,20.0,3,below_SMA20(36.3%) | dv(0M<32M) | rs(50%<70%),85.688
ABEV,2.86,4.57,37.38,4.33,0.0,3.48,0.0,-37.38,0.0,19.8,11.7,50.0,20.0,3,below_SMA20(37.4%) | dv(20M<32M) | rs(50%<70%),85.937
ABM,38.77,78.02,50.31,3.01,0.0,3.04,0.0,-50.31,0.0,9.1,22.4,50.0,20.0,3,below_SMA20(50.3%) | dv(9M<32M) | rs(50%<70%),112.865
ADTX,1.82,3.74,51.36,10.6,0.0,12.28,0.0,-51.36,0.0,0.2,31.4,50.0,20.0,3,below_SMA20(51.4%) | dv(0M<32M) | rs(50%<70%),115.851
AEHL,1.86,6.22,70.09,3.44,0.0,2.74,0.0,-70.09,0.0,0.2,31.3,50.0,20.0,3,below_SMA20(70.1%) | dv(0M<32M) | rs(50%<70%),153.308
AEI,1.62,6.12,73.52,2.59,0.0,2.13,0.0,-73.52,0.0,0.0,31.5,50.0,20.0,3,below_SMA20(73.5%) | dv(0M<32M) | rs(50%<70%),160.2
ABX,9.8,93.81,89.55,1.29,0.0,4.67,0.0,-89.55,0.0,8.8,22.7,50.0,20.0,3,below_SMA20(89.6%) | dv(9M<32M) | rs(50%<70%),191.38
ABR-PD,17.3,10.23,-69.17,0.0,0.92,3.63,0.0,69.17,53.69,70.5,0.0,50.0,20.0,3,rvol(0.00<0.92) | dist(69.2>15.48) | rs(50%<70%),211.214
ADX,22.44,11.15,-101.25,2.35,0.0,2.32,0.0,101.25,85.77,1.9,29.6,50.0,20.0,3,dist(101.3>15.48) | dv(2M<32M) | rs(50%<70%),301.232
AEHR,35.67,15.62,-128.39,3.78,0.0,3.21,0.0,128.39,112.91,14.7,16.8,50.0,20.0,3,dist(128.4>15.48) | dv(15M<32M) | rs(50%<70%),381.374
ABUS,4.26,1.14,-273.58,2.29,0.0,1.71,0.0,273.58,258.1,2.8,28.8,50.0,20.0,3,dist(273.6>15.48) | dv(3M<32M) | rs(50%<70%),818.133
AAT,18.78,4.93,-280.74,3.06,0.0,3.38,0.0,280.74,265.26,1.7,29.9,50.0,20.0,3,dist(280.7>15.48) | dv(2M<32M) | rs(50%<70%),839.731
ADEA,22.79,5.73,-297.81,1.86,0.0,62.64,0.0,297.81,282.33,15.1,16.4,50.0,20.0,3,dist(297.8>15.48) | dv(15M<32M) | rs(50%<70%),889.593
AAPC,,0.0,0.0,0.0,0.92,,0.0,999.0,983.52,,0.0,50.0,20.0,3,rvol(0.00<0.92) | dist(999.0>15.48) | rs(50%<70%),1002.72
AAQC,,0.0,0.0,0.0,0.92,,0.0,999.0,983.52,,0.0,50.0,20.0,3,rvol(0.00<0.92) | dist(999.0>15.48) | rs(50%<70%),1002.72
AATI,,0.0,0.0,0.0,0.92,,0.0,999.0,983.52,,0.0,50.0,20.0,3,rvol(0.00<0.92) | dist(999.0>15.48) | rs(50%<70%),1002.72
AATI1,,0.0,0.0,0.0,0.92,,0.0,999.0,983.52,,0.0,50.0,20.0,3,rvol(0.00<0.92) | dist(999.0>15.48) | rs(50%<70%),1002.72
ABCW,,0.0,0.0,0.0,0.92,,0.0,999.0,983.52,,0.0,50.0,20.0,3,rvol(0.00<0.92) | dist(999.0>15.48) | rs(50%<70%),1002.72
ABCWQ,,0.0,0.0,0.0,0.92,,0.0,999.0,983.52,,0.0,50.0,20.0,3,rvol(0.00<0.92) | dist(999.0>15.48) | rs(50%<70%),1002.72
ABF,,0.0,0.0,0.0,0.92,,0.0,999.0,983.52,,0.0,50.0,20.0,3,rvol(0.00<0.92) | dist(999.0>15.48) | rs(50%<70%),1002.72
ABIO,,0.0,0.0,0.0,0.92,,0.0,999.0,983.52,,0.0,50.0,20.0,3,rvol(0.00<0.92) | dist(999.0>15.48) | rs(50%<70%),1002.72
ABIO1,,0.0,0.0,0.0,0.92,,0.0,999.0,983.52,,0.0,50.0,20.0,3,rvol(0.00<0.92) | dist(999.0>15.48) | rs(50%<70%),1002.72
ABKFQ,,0.0,0.0,0.0,0.92,,0.0,999.0,983.52,,0.0,50.0,20.0,3,rvol(0.00<0.92) | dist(999.0>15.48) | rs(50%<70%),1002.72
ABMC,,0.0,0.0,0.0,0.92,,0.0,999.0,983.52,,0.0,50.0,20.0,3,rvol(0.00<0.92) | dist(999.0>15.48) | rs(50%<70%),1002.72
ABNTQ,,0.0,0.0,0.0,0.92,,0.0,999.0,983.52,,0.0,50.0,20.0,3,rvol(0.00<0.92) | dist(999.0>15.48) | rs(50%<70%),1002.72
ABOV,,0.0,0.0,0.0,0.92,,0.0,999.0,983.52,,0.0,50.0,20.0,3,rvol(0.00<0.92) | dist(999.0>15.48) | rs(50%<70%),1002.72
ABST,,0.0,0.0,0.0,0.92,,0.0,999.0,983.52,,0.0,50.0,20.0,3,rvol(0.00<0.92) | dist(999.0>15.48) | rs(50%<70%),1002.72
ABTI1,,0.0,0.0,0.0,0.92,,0.0,999.0,983.52,,0.0,50.0,20.0,3,rvol(0.00<0.92) | dist(999.0>15.48) | rs(50%<70%),1002.72
ABTXQ,,0.0,0.0,0.0,0.92,,0.0,999.0,983.52,,0.0,50.0,20.0,3,rvol(0.00<0.92) | dist(999.0>15.48) | rs(50%<70%),1002.72
ABVA,,0.0,0.0,0.0,0.92,,0.0,999.0,983.52,,0.0,50.0,20.0,3,rvol(0.00<0.92) | dist(999.0>15.48) | rs(50%<70%),1002.72
ABWG,,0.0,0.0,0.0,0.92,,0.0,999.0,983.52,,0.0,50.0,20.0,3,rvol(0.00<0.92) | dist(999.0>15.48) | rs(50%<70%),1002.72
ABWTQ,,0.0,0.0,0.0,0.92,,0.0,999.0,983.52,,0.0,50.0,20.0,3,rvol(0.00<0.92) | dist(999.0>15.48) | rs(50%<70%),1002.72
ACAP,,0.0,0.0,0.0,0.92,,0.0,999.0,983.52,,0.0,50.0,20.0,3,rvol(0.00<0.92) | dist(999.0>15.48) | rs(50%<70%),1002.72
ACAQ,,0.0,0.0,0.0,0.92,,0.0,999.0,983.52,,0.0,50.0,20.0,3,rvol(0.00<0.92) | dist(999.0>15.48) | rs(50%<70%),1002.72
ACAS,,0.0,0.0,0.0,0.92,,0.0,999.0,983.52,,0.0,50.0,20.0,3,rvol(0.00<0.92) | dist(999.0>15.48) | rs(50%<70%),1002.72
ACCS2,,0.0,0.0,0.0,0.92,,0.0,999.0,983.52,,0.0,50.0,20.0,3,rvol(0.00<0.92) | dist(999.0>15.48) | rs(50%<70%),1002.72
ACCT,,0.0,0.0,0.0,0.92,,0.0,999.0,983.52,,0.0,50.0,20.0,3,rvol(0.00<0.92) | dist(999.0>15.48) | rs(50%<70%),1002.72
ACDI,,0.0,0.0,0.0,0.92,,0.0,999.0,983.52,,0.0,50.0,20.0,3,rvol(0.00<0.92) | dist(999.0>15.48) | rs(50%<70%),1002.72
ACDO,,0.0,0.0,0.0,0.92,,0.0,999.0,983.52,,0.0,50.0,20.0,3,rvol(0.00<0.92) | dist(999.0>15.48) | rs(50%<70%),1002.72
ACETQ,,0.0,0.0,0.0,0.92,,0.0,999.0,983.52,,0.0,50.0,20.0,3,rvol(0.00<0.92) | dist(999.0>15.48) | rs(50%<70%),1002.72
ACF,,0.0,0.0,0.0,0.92,,0.0,999.0,983.52,,0.0,50.0,20.0,3,rvol(0.00<0.92) | dist(999.0>15.48) | rs(50%<70%),1002.72
ACFC,,0.0,0.0,0.0,0.92,,0.0,999.0,983.52,,0.0,50.0,20.0,3,rvol(0.00<0.92) | dist(999.0>15.48) | rs(50%<70%),1002.72
ACHHY,,0.0,0.0,0.0,0.92,,0.0,999.0,983.52,,0.0,50.0,20.0,3,rvol(0.00<0.92) | dist(999.0>15.48) | rs(50%<70%),1002.72
ACME,,0.0,0.0,0.0,0.92,,0.0,999.0,983.52,,0.0,50.0,20.0,3,rvol(0.00<0.92) | dist(999.0>15.48) | rs(50%<70%),1002.72
ACMM,,0.0,0.0,0.0,0.92,,0.0,999.0,983.52,,0.0,50.0,20.0,3,rvol(0.00<0.92) | dist(999.0>15.48) | rs(50%<70%),1002.72
ACNAQ,,0.0,0.0,0.0,0.92,,0.0,999.0,983.52,,0.0,50.0,20.0,3,rvol(0.00<0.92) | dist(999.0>15.48) | rs(50%<70%),1002.72
ACQR,,0.0,0.0,0.0,0.92,,0.0,999.0,983.52,,0.0,50.0,20.0,3,rvol(0.00<0.92) | dist(999.0>15.48) | rs(50%<70%),1002.72
ACRO1,,0.0,0.0,0.0,0.92,,0.0,999.0,983.52,,0.0,50.0,20.0,3,rvol(0.00<0.92) | dist(999.0>15.48) | rs(50%<70%),1002.72
ACRUQ,,0.0,0.0,0.0,0.92,,0.0,999.0,983.52,,0.0,50.0,20.0,3,rvol(0.00<0.92) | dist(999.0>15.48) | rs(50%<70%),1002.72
ACV1,,0.0,0.0,0.0,0.92,,0.0,999.0,983.52,,0.0,50.0,20.0,3,rvol(0.00<0.92) | dist(999.0>15.48) | rs(50%<70%),1002.72
ACW,,0.0,0.0,0.0,0.92,,0.0,999.0,983.52,,0.0,50.0,20.0,3,rvol(0.00<0.92) | dist(999.0>15.48) | rs(50%<70%),1002.72
ADELQ,,0.0,0.0,0.0,0.92,,0.0,999.0,983.52,,0.0,50.0,20.0,3,rvol(0.00<0.92) | dist(999.0>15.48) | rs(50%<70%),1002.72
ADEP,,0.0,0.0,0.0,0.92,,0.0,999.0,983.52,,0.0,50.0,20.0,3,rvol(0.00<0.92) | dist(999.0>15.48) | rs(50%<70%),1002.72
ADLR,,0.0,0.0,0.0,0.92,,0.0,999.0,983.52,,0.0,50.0,20.0,3,rvol(0.00<0.92) | dist(999.0>15.48) | rs(50%<70%),1002.72
ADLTQ,,0.0,0.0,0.0,0.92,,0.0,999.0,983.52,,0.0,50.0,20.0,3,rvol(0.00<0.92) | dist(999.0>15.48) | rs(50%<70%),1002.72
ADN,,0.0,0.0,0.0,0.92,,0.0,999.0,983.52,,0.0,50.0,20.0,3,rvol(0.00<0.92) | dist(999.0>15.48) | rs(50%<70%),1002.72
ADPC,,0.0,0.0,0.0,0.92,,0.0,999.0,983.52,,0.0,50.0,20.0,3,rvol(0.00<0.92) | dist(999.0>15.48) | rs(50%<70%),1002.72
ADPI,,0.0,0.0,0.0,0.92,,0.0,999.0,983.52,,0.0,50.0,20.0,3,rvol(0.00<0.92) | dist(999.0>15.48) | rs(50%<70%),1002.72
ADSC,,0.0,0.0,0.0,0.92,,0.0,999.0,983.52,,0.0,50.0,20.0,3,rvol(0.00<0.92) | dist(999.0>15.48) | rs(50%<70%),1002.72
ADSW,,0.0,0.0,0.0,0.92,,0.0,999.0,983.52,,0.0,50.0,20.0,3,rvol(0.00<0.92) | dist(999.0>15.48) | rs(50%<70%),1002.72
ADTM1,,0.0,0.0,0.0,0.92,,0.0,999.0,983.52,,0.0,50.0,20.0,3,rvol(0.00<0.92) | dist(999.0>15.48) | rs(50%<70%),1002.72
ADZA,,0.0,0.0,0.0,0.92,,0.0,999.0,983.52,,0.0,50.0,20.0,3,rvol(0.00<0.92) | dist(999.0>15.48) | rs(50%<70%),1002.72
AEC1,,0.0,0.0,0.0,0.92,,0.0,999.0,983.52,,0.0,50.0,20.0,3,rvol(0.00<0.92) | dist(999.0>15.48) | rs(50%<70%),1002.72
AENZ,,0.0,0.0,0.0,0.92,,0.0,999.0,983.52,,0.0,50.0,20.0,3,rvol(0.00<0.92) | dist(999.0>15.48) | rs(50%<70%),1002.72
AESK,,0.0,0.0,0.0,0.92,,0.0,999.0,983.52,,0.0,50.0,20.0,3,rvol(0.00<0.92) | dist(999.0>15.48) | rs(50%<70%),1002.72
AESP,,0.0,0.0,0.0,0.92,,0.0,999.0,983.52,,0.0,50.0,20.0,3,rvol(0.00<0.92) | dist(999.0>15.48) | rs(50%<70%),1002.72
AEON,1.11,1.12,0.63,0.82,0.1,10.25,0.0,-0.63,0.0,0.1,31.4,50.0,20.0,4,below_SMA20(0.6%) | rvol(0.82<0.92) | dv(0M<32M) | rs(50%<70%),15.423
ADTN,9.94,10.07,1.34,0.63,0.29,4.63,0.0,-1.34,0.0,13.5,18.0,50.0,20.0,4,below_SMA20(1.3%) | rvol(0.63<0.92) | dv(13M<32M) | rs(50%<70%),17.326
AB,38.09,39.05,2.46,0.56,0.36,2.65,0.0,-2.46,0.0,15.6,15.9,50.0,20.0,4,below_SMA20(2.5%) | rvol(0.56<0.92) | dv(16M<32M) | rs(50%<70%),20.083
AD,48.21,49.07,1.75,0.41,0.51,2.84,0.0,-1.75,0.0,10.5,21.0,50.0,20.0,4,below_SMA20(1.7%) | rvol(0.41<0.92) | dv(11M<32M) | rs(50%<70%),20.667
ACP,5.24,5.49,4.63,1.42,0.0,1.37,0.05,-4.63,0.0,3.1,28.5,50.0,20.0,4,below_SMA20(4.6%) | adr(1.37<1.42) | dv(3M<32M) | rs(50%<70%),23.154
ADXN,6.88,7.24,5.03,0.5,0.42,2.1,0.0,-5.03,0.0,0.0,31.5,50.0,20.0,4,below_SMA20(5.0%) | rvol(0.50<0.92) | dv(0M<32M) | rs(50%<70%),27.373
ABR-PE,17.27,17.39,0.68,1.8,0.0,0.7,0.72,-0.68,0.0,0.0,31.5,50.0,20.0,4,below_SMA20(0.7%) | adr(0.70<1.42) | dv(0M<32M) | rs(50%<70%),28.891
ABSI,2.39,2.61,8.39,0.89,0.03,6.55,0.0,-8.39,0.0,6.7,24.8,50.0,20.0,4,below_SMA20(8.4%) | rvol(0.89<0.92) | dv(7M<32M) | rs(50%<70%),29.572
ABBNY,83.4,88.59,5.86,0.14,0.78,1.97,0.0,-5.86,0.0,27.8,3.7,50.0,20.0,4,below_SMA20(5.9%) | rvol(0.14<0.92) | dv(28M<32M) | rs(50%<70%),29.927
ACR-PD,21.95,22.1,0.64,4.33,0.0,0.6,0.82,-0.64,0.0,0.0,31.5,50.0,20.0,4,below_SMA20(0.6%) | adr(0.60<1.42) | dv(0M<32M) | rs(50%<70%),30.878
ABLLL,25.68,25.95,1.04,1.2,0.0,0.63,0.79,-1.04,0.0,0.1,31.4,50.0,20.0,4,below_SMA20(1.0%) | adr(0.63<1.42) | dv(0M<32M) | rs(50%<70%),31.028
ABNAF,0.15,0.16,6.66,0.45,0.47,2.6,0.0,-6.66,0.0,0.0,31.5,50.0,20.0,4,below_SMA20(6.7%) | rvol(0.45<0.92) | dv(0M<32M) | rs(50%<70%),31.174
ABLV,0.69,0.73,6.08,0.29,0.63,3.73,0.0,-6.08,0.0,0.0,31.5,50.0,20.0,4,below_SMA20(6.1%) | rvol(0.29<0.92) | dv(0M<32M) | rs(50%<70%),31.591
ACR-PC,25.03,25.13,0.41,5.76,0.0,0.53,0.89,-0.41,0.0,0.1,31.4,50.0,20.0,4,below_SMA20(0.4%) | adr(0.53<1.42) | dv(0M<32M) | rs(50%<70%),31.856
AAWH,0.5,0.53,6.52,0.11,0.81,8.9,0.0,-6.52,0.0,0.0,31.5,50.0,20.0,4,below_SMA20(6.5%) | rvol(0.11<0.92) | dv(0M<32M) | rs(50%<70%),34.244
AEF,7.41,8.21,9.74,0.56,0.36,2.77,0.0,-9.74,0.0,1.5,30.0,50.0,20.0,4,below_SMA20(9.7%) | rvol(0.56<0.92) | dv(1M<32M) | rs(50%<70%),36.061
ADSE,10.21,11.22,8.99,0.38,0.54,6.18,0.0,-8.99,0.0,0.1,31.5,50.0,20.0,4,below_SMA20(9.0%) | rvol(0.38<0.92) | dv(0M<32M) | rs(50%<70%),36.572
ACAT,10.0,10.0,0.0,20.0,0.0,0.0,1.42,0.0,0.0,0.0,31.5,50.0,20.0,4,below_SMA20(0.0%) | adr(0.00<1.42) | dv(0M<32M) | rs(50%<70%),41.553
ADFS,0.0,0.0,0.0,20.0,0.0,0.0,1.42,0.0,0.0,0.0,31.5,50.0,20.0,4,below_SMA20(0.0%) | adr(0.00<1.42) | dv(0M<32M) | rs(50%<70%),41.553
ADLI,0.0,0.0,0.0,20.0,0.0,0.0,1.42,0.0,0.0,0.0,31.5,50.0,20.0,4,below_SMA20(0.0%) | adr(0.00<1.42) | dv(0M<32M) | rs(50%<70%),41.553
ADYX,0.0,0.0,0.0,20.0,0.0,0.0,1.42,0.0,0.0,0.0,31.5,50.0,20.0,4,below_SMA20(0.0%) | adr(0.00<1.42) | dv(0M<32M) | rs(50%<70%),41.553
AEDC,0.0,0.0,0.0,20.0,0.0,0.0,1.42,0.0,0.0,0.0,31.5,50.0,20.0,4,below_SMA20(0.0%) | adr(0.00<1.42) | dv(0M<32M) | rs(50%<70%),41.553
ADNT,19.76,23.34,15.33,0.83,0.09,3.71,0.0,-15.33,0.0,16.4,15.2,50.0,20.0,4,below_SMA20(15.3%) | rvol(0.83<0.92) | dv(16M<32M) | rs(50%<70%),43.063
AXAC,10.43,10.43,0.0,0.0,0.92,0.0,1.42,0.0,0.0,,0.0,50.0,20.0,4,below_SMA20(0.0%) | rvol(0.00<0.92) | adr(0.00<1.42) | rs(50%<70%),47.6
AERGP,3.79,3.79,0.0,0.0,0.92,0.0,1.42,0.0,0.0,,0.0,50.0,20.0,4,below_SMA20(0.0%) | rvol(0.00<0.92) | adr(0.00<1.42) | rs(50%<70%),47.6
ADIL,1.96,2.27,13.69,0.2,0.72,11.74,0.0,-13.69,0.0,0.3,31.2,50.0,20.0,4,below_SMA20(13.7%) | rvol(0.20<0.92) | dv(0M<32M) | rs(50%<70%),47.756
ADV,0.74,0.61,-22.04,0.84,0.08,11.96,0.0,22.04,6.56,0.6,30.9,50.0,20.0,4,rvol(0.84<0.92) | dist(22.0>15.48) | dv(1M<32M) | rs(50%<70%),64.583
AERS,0.0,0.0,17.24,16.88,0.0,0.0,1.42,-17.24,0.0,0.0,31.5,50.0,20.0,4,below_SMA20(17.2%) | adr(0.00<1.42) | dv(0M<32M) | rs(50%<70%),76.036
ABP,0.12,0.26,53.74,0.1,0.82,31.38,0.0,-53.74,0.0,0.1,31.5,50.0,20.0,4,below_SMA20(53.7%) | rvol(0.10<0.92) | dv(0M<32M) | rs(50%<70%),128.858
ACAAU,10.09,25.28,60.09,0.27,0.65,4.29,0.0,-60.09,0.0,0.4,31.2,50.0,20.0,4,below_SMA20(60.1%) | rvol(0.27<0.92) | dv(0M<32M) | rs(50%<70%),139.77
ACB,3.43,8.38,59.06,4.34,0.0,0.87,0.55,-59.06,0.0,0.4,31.1,50.0,20.0,4,below_SMA20(59.1%) | adr(0.87<1.42) | dv(0M<32M) | rs(50%<70%),142.22
ACONW,0.04,2.05,98.04,0.06,0.86,5.15,0.0,-98.04,0.0,0.0,31.5,50.0,20.0,4,below_SMA20(98.0%) | rvol(0.06<0.92) | dv(0M<32M) | rs(50%<70%),217.833
AERTW,0.02,8.14,99.81,0.0,0.92,5.53,0.0,-99.81,0.0,0.0,31.5,50.0,20.0,4,below_SMA20(99.8%) | rvol(0.00<0.92) | dv(0M<32M) | rs(50%<70%),221.953
ACAN,0.0,17.66,100.0,0.01,0.91,3.4,0.0,-100.0,0.0,0.0,31.5,50.0,20.0,4,below_SMA20(100.0%) | rvol(0.01<0.92) | dv(0M<32M) | rs(50%<70%),222.247
AAPI,0.2,0.06,-237.65,2.12,0.0,1.16,0.26,237.65,222.17,0.0,31.5,50.0,20.0,4,adr(1.16<1.42) | dist(237.7>15.48) | dv(0M<32M) | rs(50%<70%),715.736
ADTTF,150.5,41.48,-262.82,0.01,0.91,7.11,0.0,262.82,247.34,2.2,29.3,50.0,20.0,4,rvol(0.01<0.92) | dist(262.8>15.48) | dv(2M<32M) | rs(50%<70%),795.038
AAQL,0.6,0.16,-281.13,2.86,0.0,0.0,1.42,281.13,265.65,0.0,31.5,50.0,20.0,4,adr(0.00<1.42) | dist(281.1>15.48) | dv(0M<32M) | rs(50%<70%),869.475
AEFC,18.98,4.89,-288.5,7.41,0.0,0.37,1.05,288.5,273.02,0.2,31.3,50.0,20.0,4,adr(0.37<1.42) | dist(288.5>15.48) | dv(0M<32M) | rs(50%<70%),884.047
ADAM,7.87,2.0,-293.19,3.58,0.0,0.82,0.6,293.19,277.71,1.2,30.3,50.0,20.0,4,adr(0.82<1.42) | dist(293.2>15.48) | dv(1M<32M) | rs(50%<70%),889.204
ACRS,3.54,0.89,-298.32,0.29,0.63,14.29,0.0,298.32,282.84,10.9,20.6,50.0,20.0,4,rvol(0.29<0.92) | dist(298.3>15.48) | dv(11M<32M) | rs(50%<70%),897.86
AAPG,24.43,6.05,-303.87,4.1,0.0,0.95,0.47,303.87,288.39,0.0,31.5,50.0,20.0,4,adr(0.95<1.42) | dist(303.9>15.48) | dv(0M<32M) | rs(50%<70%),918.678
