date,0
2022-01-03,100000.0
2022-01-04,100000.0
2022-01-05,100000.0
2022-01-06,100000.0
2022-01-07,100000.0
2022-01-10,100000.0
2022-01-11,100000.0
2022-01-12,100000.0
2022-01-13,100000.0
2022-01-14,100000.0
2022-01-18,100000.0
2022-01-19,100000.0
2022-01-20,100000.0
2022-01-21,100000.0
2022-01-24,100000.0
2022-01-25,100000.0
2022-01-26,100000.0
2022-01-27,100000.0
2022-01-28,100000.0
2022-01-31,100000.0
2022-02-01,100000.0
2022-02-02,100000.0
2022-02-03,100000.0
2022-02-04,100000.0
2022-02-07,100000.0
2022-02-08,100000.0
2022-02-09,100000.0
2022-02-10,100000.0
2022-02-11,100000.0
2022-02-14,100000.0
2022-02-15,100000.0
2022-02-16,100000.0
2022-02-17,100000.0
2022-02-18,100000.0
2022-02-22,100000.0
2022-02-23,100000.0
2022-02-24,100000.0
2022-02-25,100000.0
2022-02-28,100000.0
2022-03-01,100000.0
2022-03-02,100000.0
2022-03-03,100000.0
2022-03-04,100000.0
2022-03-07,100000.0
2022-03-08,100000.0
2022-03-09,100000.0
2022-03-10,100000.0
2022-03-11,100000.0
2022-03-14,100000.0
2022-03-15,100000.0
2022-03-16,100000.0
2022-03-17,100000.0
2022-03-18,100000.0
2022-03-21,100000.0
2022-03-22,100000.0
2022-03-23,100000.0
2022-03-24,100000.0
2022-03-25,100000.0
2022-03-28,100000.0
2022-03-29,100000.0
2022-03-30,100000.0
2022-03-31,100000.0
2022-04-01,100000.0
2022-04-04,100000.0
2022-04-05,100000.0
2022-04-06,100000.0
2022-04-07,100000.0
2022-04-08,100000.0
2022-04-11,100000.0
2022-04-12,100000.0
2022-04-13,100000.0
2022-04-14,100000.0
2022-04-18,100000.0
2022-04-19,100000.0
2022-04-20,100000.0
2022-04-21,100000.0
2022-04-22,100000.0
2022-04-25,100000.0
2022-04-26,100000.0
2022-04-27,100000.0
2022-04-28,100000.0
2022-04-29,100000.0
2022-05-02,100000.0
2022-05-03,100000.0
2022-05-04,100000.0
2022-05-05,100000.0
2022-05-06,100000.0
2022-05-09,100000.0
2022-05-10,100000.0
2022-05-11,100000.0
2022-05-12,100000.0
2022-05-13,100000.0
2022-05-16,100000.0
2022-05-17,100000.0
2022-05-18,100000.0
2022-05-19,100000.0
2022-05-20,100000.0
2022-05-23,100000.0
2022-05-24,100000.0
2022-05-25,100000.0
2022-05-26,100000.0
2022-05-27,100000.0
2022-05-31,100000.0
2022-06-01,100000.0
2022-06-02,100000.0
2022-06-03,100000.0
2022-06-06,100000.0
2022-06-07,100000.0
2022-06-08,100000.0
2022-06-09,100000.0
2022-06-10,100000.0
2022-06-13,100000.0
2022-06-14,100000.0
2022-06-15,100000.0
2022-06-16,100000.0
2022-06-17,100000.0
2022-06-21,100000.0
2022-06-22,100000.0
2022-06-23,100000.0
2022-06-24,100000.0
2022-06-27,100000.0
2022-06-28,100000.0
2022-06-29,100000.0
2022-06-30,100000.0
2022-07-01,100000.0
2022-07-05,100000.0
2022-07-06,100000.0
2022-07-07,100000.0
2022-07-08,100000.0
2022-07-11,100000.0
2022-07-12,100000.0
2022-07-13,100000.0
2022-07-14,100000.0
2022-07-15,100000.0
2022-07-18,100000.0
2022-07-19,100000.0
2022-07-20,100000.0
2022-07-21,100000.0
2022-07-22,100000.0
2022-07-25,100000.0
2022-07-26,100000.0
2022-07-27,100000.0
2022-07-28,100000.0
2022-07-29,100000.0
2022-08-01,100000.0
2022-08-02,100000.0
2022-08-03,100000.0
2022-08-04,100000.0
2022-08-05,100000.0
2022-08-08,100000.0
2022-08-09,100000.0
2022-08-10,100000.0
2022-08-11,100000.0
2022-08-12,100000.0
2022-08-15,100000.0
2022-08-16,100000.0
2022-08-17,100000.0
2022-08-18,100000.0
2022-08-19,100000.0
2022-08-22,100000.0
2022-08-23,100000.0
2022-08-24,100000.0
2022-08-25,100000.0
2022-08-26,100000.0
2022-08-29,100000.0
2022-08-30,100000.0
2022-08-31,100000.0
2022-09-01,100000.0
2022-09-02,100000.0
2022-09-06,100000.0
2022-09-07,100000.0
2022-09-08,100000.0
2022-09-09,100000.0
2022-09-12,100000.0
2022-09-13,100000.0
2022-09-14,100000.0
2022-09-15,100000.0
2022-09-16,100000.0
2022-09-19,100000.0
2022-09-20,100000.0
2022-09-21,100000.0
2022-09-22,100000.0
2022-09-23,100000.0
2022-09-26,100000.0
2022-09-27,100000.0
2022-09-28,100000.0
2022-09-29,100000.0
2022-09-30,100000.0
2022-10-03,100000.0
2022-10-04,100000.0
2022-10-05,100000.0
2022-10-06,100000.0
2022-10-07,100000.0
2022-10-10,100000.0
2022-10-11,100000.0
2022-10-12,100000.0
2022-10-13,100000.0
2022-10-14,100000.0
2022-10-17,100000.0
2022-10-18,100000.0
2022-10-19,100000.0
2022-10-20,100000.0
2022-10-21,100000.0
2022-10-24,100000.0
2022-10-25,100000.0
2022-10-26,100000.0
2022-10-27,100000.0
2022-10-28,100000.0
2022-10-31,100000.0
2022-11-01,100000.0
2022-11-02,100000.0
2022-11-03,100000.0
2022-11-04,100000.0
2022-11-07,100000.0
2022-11-08,100000.0
2022-11-09,100000.0
2022-11-10,100000.0
2022-11-11,100000.0
2022-11-14,100000.0
2022-11-15,100000.0
2022-11-16,100000.0
2022-11-17,100000.0
2022-11-18,100000.0
2022-11-21,100000.0
2022-11-22,100000.0
2022-11-23,100000.0
2022-11-25,100000.0
2022-11-28,100000.0
2022-11-29,100000.0
2022-11-30,100000.0
2022-12-01,100000.0
2022-12-02,100000.0
2022-12-05,100000.0
2022-12-06,100000.0
2022-12-07,100000.0
2022-12-08,100000.0
2022-12-09,100000.0
2022-12-12,100000.0
2022-12-13,100000.0
2022-12-14,100058.30369567871
2022-12-15,98462.65916442871
2022-12-16,98462.6600189209
2022-12-19,98462.6600189209
2022-12-20,98462.6600189209
2022-12-21,98462.6600189209
2022-12-22,98462.6600189209
2022-12-23,98462.6600189209
2022-12-27,98462.6600189209
2022-12-28,98462.6600189209
2022-12-29,98462.6600189209
2022-12-30,98462.6600189209
2023-01-03,98462.6600189209
2023-01-04,98462.6600189209
2023-01-05,98462.6600189209
2023-01-06,98462.6600189209
2023-01-09,98462.6600189209
2023-01-10,98462.6600189209
2023-01-11,98462.6600189209
2023-01-12,98462.6600189209
2023-01-13,98462.6600189209
2023-01-17,98462.6600189209
2023-01-18,98462.6600189209
2023-01-19,98462.6600189209
2023-01-20,98462.6600189209
2023-01-23,98462.6600189209
2023-01-24,98462.6600189209
2023-01-25,98462.6600189209
2023-01-26,98462.6600189209
2023-01-27,98462.6600189209
2023-01-30,98462.6600189209
2023-01-31,98462.6600189209
2023-02-01,98462.6600189209
2023-02-02,98462.6600189209
2023-02-03,98462.6600189209
2023-02-06,98462.6600189209
2023-02-07,98462.6600189209
2023-02-08,98462.6600189209
2023-02-09,98462.6600189209
2023-02-10,98462.6600189209
2023-02-13,98462.6600189209
2023-02-14,98462.6600189209
2023-02-15,98462.6600189209
2023-02-16,98462.6600189209
2023-02-17,98462.6600189209
2023-02-21,98462.6600189209
2023-02-22,98462.6600189209
2023-02-23,98462.6600189209
2023-02-24,98462.6600189209
2023-02-27,98462.6600189209
2023-02-28,98462.6600189209
2023-03-01,98462.6600189209
2023-03-02,98462.6600189209
2023-03-03,98462.6600189209
2023-03-06,98462.6600189209
2023-03-07,98462.6600189209
2023-03-08,98462.6600189209
2023-03-09,98462.6600189209
2023-03-10,98462.6600189209
2023-03-13,98462.6600189209
2023-03-14,98462.6600189209
2023-03-15,98462.6600189209
2023-03-16,98462.6600189209
2023-03-17,98462.6600189209
2023-03-20,98462.6600189209
2023-03-21,98462.6600189209
2023-03-22,98462.6600189209
2023-03-23,98462.6600189209
2023-03-24,98462.6600189209
2023-03-27,98462.6600189209
2023-03-28,98462.6600189209
2023-03-29,98462.6600189209
2023-03-30,98462.6600189209
2023-03-31,98462.6600189209
2023-04-03,98462.6600189209
2023-04-04,98462.6600189209
2023-04-05,98462.6600189209
2023-04-06,98462.6600189209
2023-04-10,98462.6600189209
2023-04-11,98462.6600189209
2023-04-12,98462.6600189209
2023-04-13,98462.6600189209
2023-04-14,98462.6600189209
2023-04-17,98462.6600189209
2023-04-18,98462.6600189209
2023-04-19,98462.6600189209
2023-04-20,98462.6600189209
2023-04-21,98462.6600189209
2023-04-24,98462.6600189209
2023-04-25,98462.6600189209
2023-04-26,98462.6600189209
2023-04-27,98462.6600189209
2023-04-28,98462.6600189209
2023-05-01,98462.6600189209
2023-05-02,98462.6600189209
2023-05-03,98462.6600189209
2023-05-04,98462.6600189209
2023-05-05,98462.6600189209
2023-05-08,98462.6600189209
2023-05-09,98462.6600189209
2023-05-10,98462.6600189209
2023-05-11,98462.6600189209
2023-05-12,98462.6600189209
2023-05-15,98462.6600189209
2023-05-16,98462.6600189209
2023-05-17,98462.6600189209
2023-05-18,98462.6600189209
2023-05-19,98462.6600189209
2023-05-22,98462.6600189209
2023-05-23,98462.6600189209
2023-05-24,98462.6600189209
2023-05-25,98462.6600189209
2023-05-26,98462.6600189209
2023-05-30,98462.6600189209
2023-05-31,98462.6600189209
2023-06-01,98462.6600189209
2023-06-02,98462.6600189209
2023-06-05,98462.6600189209
2023-06-06,98462.6600189209
2023-06-07,98462.6600189209
2023-06-08,98462.6600189209
2023-06-09,98462.6600189209
2023-06-12,98462.6600189209
2023-06-13,98462.6600189209
2023-06-14,98462.6600189209
2023-06-15,98462.6600189209
2023-06-16,98462.6600189209
2023-06-20,98462.6600189209
2023-06-21,98462.6600189209
2023-06-22,98462.6600189209
2023-06-23,98462.6600189209
2023-06-26,98462.6600189209
2023-06-27,98462.6600189209
2023-06-28,98462.6600189209
2023-06-29,98462.6600189209
2023-06-30,98462.6600189209
2023-07-03,98462.6600189209
2023-07-05,98462.6600189209
2023-07-06,98462.6600189209
2023-07-07,98462.6600189209
2023-07-10,98462.6600189209
2023-07-11,98462.6600189209
2023-07-12,98462.6600189209
2023-07-13,98462.6600189209
2023-07-14,98462.6600189209
2023-07-17,98462.6600189209
2023-07-18,98462.6600189209
2023-07-19,97861.16151428223
2023-07-20,96741.39588928223
2023-07-21,96741.39393615723
2023-07-24,96741.39393615723
2023-07-25,96741.39393615723
2023-07-26,96741.39393615723
2023-07-27,96741.39393615723
2023-07-28,96741.39393615723
2023-07-31,96741.39393615723
2023-08-01,96741.39393615723
2023-08-02,96741.39393615723
2023-08-03,96741.39393615723
2023-08-04,96741.39393615723
2023-08-07,96741.39393615723
2023-08-08,96741.39393615723
2023-08-09,96741.39393615723
2023-08-10,96741.39393615723
2023-08-11,96741.39393615723
2023-08-14,96741.39393615723
2023-08-15,96741.39393615723
2023-08-16,96741.39393615723
2023-08-17,96741.39393615723
2023-08-18,96741.39393615723
2023-08-21,96741.39393615723
2023-08-22,96741.39393615723
2023-08-23,96741.39393615723
2023-08-24,96741.39393615723
2023-08-25,96741.39393615723
2023-08-28,96741.39393615723
2023-08-29,96741.39393615723
2023-08-30,96741.39393615723
2023-08-31,96741.39393615723
2023-09-01,96741.39393615723
2023-09-05,96741.39393615723
2023-09-06,96741.39393615723
2023-09-07,96741.39393615723
2023-09-08,96741.39393615723
2023-09-11,96741.39393615723
2023-09-12,96741.39393615723
2023-09-13,96741.39393615723
2023-09-14,96741.39393615723
2023-09-15,96741.39393615723
2023-09-18,96741.39393615723
2023-09-19,96741.39393615723
2023-09-20,96741.39393615723
2023-09-21,96741.39393615723
2023-09-22,96741.39393615723
2023-09-25,96741.39393615723
2023-09-26,96741.39393615723
2023-09-27,96741.39393615723
2023-09-28,96741.39393615723
2023-09-29,96741.39393615723
2023-10-02,96741.39393615723
2023-10-03,96741.39393615723
2023-10-04,96741.39393615723
2023-10-05,96741.39393615723
2023-10-06,96741.39393615723
2023-10-09,96741.39393615723
2023-10-10,96741.39393615723
2023-10-11,96741.39393615723
2023-10-12,96741.39393615723
2023-10-13,96741.39393615723
2023-10-16,96741.39393615723
2023-10-17,96741.39393615723
2023-10-18,96741.39393615723
2023-10-19,96741.39393615723
2023-10-20,96741.39393615723
2023-10-23,96741.39393615723
2023-10-24,96741.39393615723
2023-10-25,96741.39393615723
2023-10-26,96741.39393615723
2023-10-27,96741.39393615723
2023-10-30,96741.39393615723
2023-10-31,96741.39393615723
2023-11-01,96741.39393615723
2023-11-02,96741.39393615723
2023-11-03,96741.39393615723
2023-11-06,96741.39393615723
2023-11-07,96741.39393615723
2023-11-08,96741.39393615723
2023-11-09,96741.39393615723
2023-11-10,96741.39393615723
2023-11-13,96741.39393615723
2023-11-14,96741.39393615723
2023-11-15,96741.39393615723
2023-11-16,96741.39393615723
2023-11-17,96741.39393615723
2023-11-20,96741.39393615723
2023-11-21,96741.39393615723
2023-11-22,96741.39393615723
2023-11-24,96741.39393615723
2023-11-27,96741.39393615723
2023-11-28,96741.39393615723
2023-11-29,96741.39393615723
2023-11-30,96741.39393615723
2023-12-01,96741.39393615723
2023-12-04,96741.39393615723
2023-12-05,96741.39393615723
2023-12-06,96741.39393615723
2023-12-07,96741.39393615723
2023-12-08,96741.39393615723
2023-12-11,96741.39393615723
2023-12-12,96741.39393615723
2023-12-13,96741.39393615723
2023-12-14,96741.39393615723
2023-12-15,96741.39393615723
2023-12-18,96741.39393615723
2023-12-19,96741.39393615723
2023-12-20,96741.39393615723
2023-12-21,96741.39393615723
2023-12-22,96741.39393615723
2023-12-26,96741.39393615723
2023-12-27,96741.39393615723
2023-12-28,96741.39393615723
2023-12-29,96741.39393615723
